TIMECODE,HOME.0,HOME.1,HOME.2,DATE,GPS.0,GPS.1,GPS.2,BAROMETER,ISO,Shutter,Fnum,F_PRY.0,F_PRY.1,F_PRY.2,G_PRY.0,G_PRY.1,G_PRY.2,F,SS,EV,D,H,H_S,V_S,NAME
"00:00:01,000","149.0251","-20.2532", ,"2017.08.05 14:11:51","149.0251","-20.2533","16","1.9","100","60","2.2", , , , , , , , , , , , , ,"mavic_pro"
"00:00:02,000","149.0251","-20.2532", ,"2017.08.05 14:11:52","149.0251","-20.2533","16","1.9","100","60","2.2", , , , , , , , , , , , , ,"mavic_pro"
"00:00:03,000","149.0251","-20.2532", ,"2017.08.05 14:11:53","149.0251","-20.2533","16","2","100","60","2.2", , , , , , , , , , , , , ,"mavic_pro"
"00:00:04,000","149.0251","-20.2532", ,"2017.08.05 14:11:54","149.0251","-20.2533","16","1.9","100","60","2.2", , , , , , , , , , , , , ,"mavic_pro"
"00:00:05,000","149.0251","-20.2532", ,"2017.08.05 14:11:55","149.0251","-20.2533","16","1.9","100","60","2.2", , , , , , , , , , , , , ,"mavic_pro"
"00:00:06,000","149.0251","-20.2532", ,"2017.08.05 14:11:56","149.0251","-20.2533","16","1.9","100","60","2.2", , , , , , , , , , , , , ,"mavic_pro"
"00:00:07,000","149.0251","-20.2532", ,"2017.08.05 14:11:57","149.0251","-20.2533","16","1.9","100","60","2.2", , , , , , , , , , , , , ,"mavic_pro"
"00:00:08,000","149.0251","-20.2532", ,"2017.08.05 14:11:58","149.0251","-20.2533","16","1.9","100","60","2.2", , , , , , , , , , , , , ,"mavic_pro"
"00:00:09,000","149.0251","-20.2532", ,"2017.08.05 14:11:59","149.0251","-20.2533","16","1.9","100","60","2.2", , , , , , , , , , , , , ,"mavic_pro"
"00:00:10,000","149.0251","-20.2532", ,"2017.08.05 14:12:00","149.0251","-20.2533","16","1.9","100","60","2.2", , , , , , , , , , , , , ,"mavic_pro"
"00:00:11,000","149.0251","-20.2532", ,"2017.08.05 14:12:01","149.0251","-20.2533","16","1.9","100","60","2.2", , , , , , , , , , , , , ,"mavic_pro"
"00:00:12,000","149.0251","-20.2532", ,"2017.08.05 14:12:02","149.0251","-20.2533","16","1.9","100","60","2.2", , , , , , , , , , , , , ,"mavic_pro"
"00:00:13,000","149.0251","-20.2532", ,"2017.08.05 14:12:03","149.0251","-20.2533","16","1.9","100","60","2.2", , , , , , , , , , , , , ,"mavic_pro"
"00:00:14,000","149.0251","-20.2532", ,"2017.08.05 14:12:04","149.0251","-20.2533","16","1.9","100","60","2.2", , , , , , , , , , , , , ,"mavic_pro"
"00:00:15,000","149.0251","-20.2532", ,"2017.08.05 14:12:05","149.0251","-20.2533","16","1.9","100","60","2.2", , , , , , , , , , , , , ,"mavic_pro"
"00:00:16,000","149.0251","-20.2532", ,"2017.08.05 14:12:06","149.0251","-20.2533","16","1.9","100","60","2.2", , , , , , , , , , , , , ,"mavic_pro"
"00:00:17,000","149.0251","-20.2532", ,"2017.08.05 14:12:07","149.0251","-20.2533","16","2.1","100","60","2.2", , , , , , , , , , , , , ,"mavic_pro"
"00:00:18,000","149.0251","-20.2532", ,"2017.08.05 14:12:08","149.0251","-20.2533","16","4.8","100","60","2.2", , , , , , , , , , , , , ,"mavic_pro"
"00:00:19,000","149.0251","-20.2532", ,"2017.08.05 14:12:09","149.0251","-20.2533","16","8.3","100","60","2.2", , , , , , , , , , , , , ,"mavic_pro"
"00:00:20,000","149.0251","-20.2532", ,"2017.08.05 14:12:10","149.0252","-20.2533","16","12.1","100","60","2.2", , , , , , , , , , , , , ,"mavic_pro"
"00:00:21,000","149.0251","-20.2532", ,"2017.08.05 14:12:11","149.0252","-20.2533","16","16","100","60","2.2", , , , , , , , , , , , , ,"mavic_pro"
"00:00:22,000","149.0251","-20.2532", ,"2017.08.05 14:12:12","149.0252","-20.2534","16","20.1","100","60","2.2", , , , , , , , , , , , , ,"mavic_pro"
"00:00:23,000","149.0251","-20.2532", ,"2017.08.05 14:12:13","149.0252","-20.2534","16","24","100","60","2.2", , , , , , , , , , , , , ,"mavic_pro"
"00:00:24,000","149.0251","-20.2532", ,"2017.08.05 14:12:14","149.0253","-20.2534","15","28","100","60","2.2", , , , , , , , , , , , , ,"mavic_pro"
"00:00:25,000","149.0251","-20.2532", ,"2017.08.05 14:12:15","149.0253","-20.2534","16","31.9","100","60","2.2", , , , , , , , , , , , , ,"mavic_pro"
"00:00:26,000","149.0251","-20.2532", ,"2017.08.05 14:12:16","149.0253","-20.2534","16","36","100","60","2.2", , , , , , , , , , , , , ,"mavic_pro"
"00:00:27,000","149.0251","-20.2532", ,"2017.08.05 14:12:17","149.0253","-20.2534","15","40","100","60","2.2", , , , , , , , , , , , , ,"mavic_pro"
"00:00:28,000","149.0251","-20.2532", ,"2017.08.05 14:12:18","149.0253","-20.2534","16","44","100","60","2.2", , , , , , , , , , , , , ,"mavic_pro"
"00:00:29,000","149.0251","-20.2532", ,"2017.08.05 14:12:19","149.0253","-20.2534","16","48","100","60","2.2", , , , , , , , , , , , , ,"mavic_pro"
"00:00:30,000","149.0251","-20.2532", ,"2017.08.05 14:12:20","149.0253","-20.2534","15","52.1","100","60","2.2", , , , , , , , , , , , , ,"mavic_pro"
"00:00:31,000","149.0251","-20.2532", ,"2017.08.05 14:12:21","149.0253","-20.2534","16","56.1","100","60","2.2", , , , , , , , , , , , , ,"mavic_pro"
"00:00:32,000","149.0251","-20.2532", ,"2017.08.05 14:12:22","149.0253","-20.2534","16","59.1","100","60","2.2", , , , , , , , , , , , , ,"mavic_pro"
"00:00:33,000","149.0251","-20.2532", ,"2017.08.05 14:12:23","149.0253","-20.2534","16","59.2","100","60","2.2", , , , , , , , , , , , , ,"mavic_pro"
"00:00:34,000","149.0251","-20.2532", ,"2017.08.05 14:12:24","149.0253","-20.2534","16","59.3","100","60","2.2", , , , , , , , , , , , , ,"mavic_pro"
"00:00:35,000","149.0251","-20.2532", ,"2017.08.05 14:12:25","149.0253","-20.2534","16","59.2","100","60","2.2", , , , , , , , , , , , , ,"mavic_pro"
"00:00:36,000","149.0251","-20.2532", ,"2017.08.05 14:12:26","149.0253","-20.2534","16","59.2","100","60","2.2", , , , , , , , , , , , , ,"mavic_pro"
"00:00:37,000","149.0251","-20.2532", ,"2017.08.05 14:12:27","149.0253","-20.2534","16","59.2","100","60","2.2", , , , , , , , , , , , , ,"mavic_pro"
"00:00:38,000","149.0251","-20.2532", ,"2017.08.05 14:12:28","149.0253","-20.2534","16","59.2","100","60","2.2", , , , , , , , , , , , , ,"mavic_pro"
"00:00:39,000","149.0251","-20.2532", ,"2017.08.05 14:12:29","149.0253","-20.2534","16","59.1","100","60","2.2", , , , , , , , , , , , , ,"mavic_pro"
"00:00:40,000","149.0251","-20.2532", ,"2017.08.05 14:12:30","149.0253","-20.2534","16","59.2","100","60","2.2", , , , , , , , , , , , , ,"mavic_pro"
"00:00:41,000","149.0251","-20.2532", ,"2017.08.05 14:12:31","149.0253","-20.2534","16","59.1","100","60","2.2", , , , , , , , , , , , , ,"mavic_pro"
"00:00:42,000","149.0251","-20.2532", ,"2017.08.05 14:12:32","149.0253","-20.2534","16","59.1","100","60","2.2", , , , , , , , , , , , , ,"mavic_pro"
"00:00:43,000","149.0251","-20.2532", ,"2017.08.05 14:12:33","149.0253","-20.2534","16","59.1","100","60","2.2", , , , , , , , , , , , , ,"mavic_pro"
"00:00:44,000","149.0251","-20.2532", ,"2017.08.05 14:12:34","149.0253","-20.2534","15","59.1","100","60","2.2", , , , , , , , , , , , , ,"mavic_pro"
"00:00:45,000","149.0251","-20.2532", ,"2017.08.05 14:12:35","149.0253","-20.2534","15","59","100","60","2.2", , , , , , , , , , , , , ,"mavic_pro"
"00:00:46,000","149.0251","-20.2532", ,"2017.08.05 14:12:36","149.0253","-20.2534","16","58.6","100","60","2.2", , , , , , , , , , , , , ,"mavic_pro"
"00:00:47,000","149.0251","-20.2532", ,"2017.08.05 14:12:37","149.0253","-20.2534","16","58","100","60","2.2", , , , , , , , , , , , , ,"mavic_pro"
"00:00:48,000","149.0251","-20.2532", ,"2017.08.05 14:12:38","149.0253","-20.2534","16","57.2","100","60","2.2", , , , , , , , , , , , , ,"mavic_pro"
"00:00:49,000","149.0251","-20.2532", ,"2017.08.05 14:12:39","149.0253","-20.2534","16","56.2","100","60","2.2", , , , , , , , , , , , , ,"mavic_pro"
"00:00:50,000","149.0251","-20.2532", ,"2017.08.05 14:12:40","149.0253","-20.2534","16","55.1","100","60","2.2", , , , , , , , , , , , , ,"mavic_pro"
"00:00:51,000","149.0251","-20.2532", ,"2017.08.05 14:12:41","149.0253","-20.2534","15","53.9","100","60","2.2", , , , , , , , , , , , , ,"mavic_pro"
"00:00:52,000","149.0251","-20.2532", ,"2017.08.05 14:12:42","149.0253","-20.2534","15","52.4","100","60","2.2", , , , , , , , , , , , , ,"mavic_pro"
"00:00:53,000","149.0251","-20.2532", ,"2017.08.05 14:12:43","149.0253","-20.2534","16","50.8","100","60","2.2", , , , , , , , , , , , , ,"mavic_pro"
"00:00:54,000","149.0251","-20.2532", ,"2017.08.05 14:12:44","149.0253","-20.2534","16","49","100","60","2.2", , , , , , , , , , , , , ,"mavic_pro"
"00:00:55,000","149.0251","-20.2532", ,"2017.08.05 14:12:45","149.0253","-20.2534","16","47.1","100","60","2.2", , , , , , , , , , , , , ,"mavic_pro"
"00:00:56,000","149.0251","-20.2532", ,"2017.08.05 14:12:46","149.0253","-20.2534","15","45.2","100","60","2.2", , , , , , , , , , , , , ,"mavic_pro"
"00:00:57,000","149.0251","-20.2532", ,"2017.08.05 14:12:47","149.0253","-20.2534","16","43.2","100","60","2.2", , , , , , , , , , , , , ,"mavic_pro"
"00:00:58,000","149.0251","-20.2532", ,"2017.08.05 14:12:48","149.0253","-20.2534","16","41.2","100","60","2.2", , , , , , , , , , , , , ,"mavic_pro"
"00:00:59,000","149.0251","-20.2532", ,"2017.08.05 14:12:49","149.0253","-20.2534","16","39.1","100","60","2.2", , , , , , , , , , , , , ,"mavic_pro"
"00:01:00,000","149.0251","-20.2532", ,"2017.08.05 14:12:50","149.0253","-20.2534","15","36.9","100","60","2.2", , , , , , , , , , , , , ,"mavic_pro"
"00:01:01,000","149.0251","-20.2532", ,"2017.08.05 14:12:51","149.0253","-20.2534","16","34.6","100","60","2.2", , , , , , , , , , , , , ,"mavic_pro"
"00:01:02,000","149.0251","-20.2532", ,"2017.08.05 14:12:52","149.0253","-20.2534","16","32.3","100","60","2.2", , , , , , , , , , , , , ,"mavic_pro"
"00:01:03,000","149.0251","-20.2532", ,"2017.08.05 14:12:53","149.0253","-20.2534","15","30.1","100","60","2.2", , , , , , , , , , , , , ,"mavic_pro"
"00:01:04,000","149.0251","-20.2532", ,"2017.08.05 14:12:54","149.0253","-20.2534","16","27.8","100","60","2.2", , , , , , , , , , , , , ,"mavic_pro"
"00:01:05,000","149.0251","-20.2532", ,"2017.08.05 14:12:55","149.0253","-20.2534","16","25.4","100","60","2.2", , , , , , , , , , , , , ,"mavic_pro"
"00:01:06,000","149.0251","-20.2532", ,"2017.08.05 14:12:56","149.0253","-20.2534","16","23","100","60","2.2", , , , , , , , , , , , , ,"mavic_pro"
"00:01:07,000","149.0251","-20.2532", ,"2017.08.05 14:12:57","149.0253","-20.2534","15","20.6","100","60","2.2", , , , , , , , , , , , , ,"mavic_pro"
"00:01:08,000","149.0251","-20.2532", ,"2017.08.05 14:12:58","149.0253","-20.2534","16","17.9","100","60","2.2", , , , , , , , , , , , , ,"mavic_pro"
"00:01:09,000","149.0251","-20.2532", ,"2017.08.05 14:12:59","149.0253","-20.2534","15","15.7","100","60","2.2", , , , , , , , , , , , , ,"mavic_pro"
"00:01:10,000","149.0251","-20.2532", ,"2017.08.05 14:13:00","149.0253","-20.2534","15","13.2","100","60","2.2", , , , , , , , , , , , , ,"mavic_pro"
"00:01:11,000","149.0251","-20.2532", ,"2017.08.05 14:13:01","149.0253","-20.2534","16","10.7","100","60","2.2", , , , , , , , , , , , , ,"mavic_pro"
"00:01:12,000","149.0251","-20.2532", ,"2017.08.05 14:13:02","149.0253","-20.2534","16","8.2","100","60","2.2", , , , , , , , , , , , , ,"mavic_pro"
"00:01:13,000","149.0251","-20.2532", ,"2017.08.05 14:13:03","149.0253","-20.2534","16","5.8","100","60","2.2", , , , , , , , , , , , , ,"mavic_pro"
"00:01:14,000","149.0251","-20.2532", ,"2017.08.05 14:13:04","149.0253","-20.2534","16","3.7","100","60","2.2", , , , , , , , , , , , , ,"mavic_pro"
"00:01:15,000","149.0251","-20.2532", ,"2017.08.05 14:13:05","149.0253","-20.2534","16","3.1","100","60","2.2", , , , , , , , , , , , , ,"mavic_pro"
"00:01:16,000","149.0251","-20.2532", ,"2017.08.05 14:13:06","149.0253","-20.2534","16","3","100","60","2.2", , , , , , , , , , , , , ,"mavic_pro"
"00:01:17,000","149.0251","-20.2532", ,"2017.08.05 14:13:07","149.0253","-20.2534","16","3","100","60","2.2", , , , , , , , , , , , , ,"mavic_pro"
"00:01:18,000","149.0251","-20.2532", ,"2017.08.05 14:13:08","149.0253","-20.2534","16","3","100","60","2.2", , , , , , , , , , , , , ,"mavic_pro"
"00:01:19,000","149.0251","-20.2532", ,"2017.08.05 14:13:09","149.0253","-20.2534","15","3","100","60","2.2", , , , , , , , , , , , , ,"mavic_pro"
"00:01:20,000","149.0251","-20.2532", ,"2017.08.05 14:13:10","149.0253","-20.2534","16","3","100","60","2.2", , , , , , , , , , , , , ,"mavic_pro"
"00:01:21,000","149.0251","-20.2532", ,"2017.08.05 14:13:11","149.0252","-20.2533","16","3","100","60","2.2", , , , , , , , , , , , , ,"mavic_pro"
"00:01:22,000","149.0251","-20.2532", ,"2017.08.05 14:13:12","149.0252","-20.2533","16","3","100","60","2.2", , , , , , , , , , , , , ,"mavic_pro"
"00:01:23,000","149.0251","-20.2532", ,"2017.08.05 14:13:13","149.0251","-20.2533","16","3.5","100","60","2.2", , , , , , , , , , , , , ,"mavic_pro"
"00:01:24,000","149.0251","-20.2532", ,"2017.08.05 14:13:14","149.0251","-20.2532","16","7.1","100","60","2.2", , , , , , , , , , , , , ,"mavic_pro"
"00:01:25,000","149.0251","-20.2532", ,"2017.08.05 14:13:15","149.025","-20.2532","16","11.1","100","60","2.2", , , , , , , , , , , , , ,"mavic_pro"
"00:01:26,000","149.0251","-20.2532", ,"2017.08.05 14:13:16","149.0249","-20.2531","16","15.3","100","60","2.2", , , , , , , , , , , , , ,"mavic_pro"
"00:01:27,000","149.0251","-20.2532", ,"2017.08.05 14:13:17","149.0249","-20.2531","16","19.4","100","60","2.2", , , , , , , , , , , , , ,"mavic_pro"
"00:01:28,000","149.0251","-20.2532", ,"2017.08.05 14:13:18","149.0248","-20.253","16","23.8","100","60","2.2", , , , , , , , , , , , , ,"mavic_pro"
"00:01:29,000","149.0251","-20.2532", ,"2017.08.05 14:13:19","149.0247","-20.253","16","27.5","100","60","2.2", , , , , , , , , , , , , ,"mavic_pro"
"00:01:30,000","149.0251","-20.2532", ,"2017.08.05 14:13:20","149.0247","-20.2529","16","31.6","100","60","2.2", , , , , , , , , , , , , ,"mavic_pro"
"00:01:31,000","149.0251","-20.2532", ,"2017.08.05 14:13:21","149.0246","-20.2529","16","35.7","100","60","2.2", , , , , , , , , , , , , ,"mavic_pro"
"00:01:32,000","149.0251","-20.2532", ,"2017.08.05 14:13:22","149.0245","-20.2528","16","40.2","100","60","2.2", , , , , , , , , , , , , ,"mavic_pro"
"00:01:33,000","149.0251","-20.2532", ,"2017.08.05 14:13:23","149.0245","-20.2528","16","43.9","100","60","2.2", , , , , , , , , , , , , ,"mavic_pro"
"00:01:34,000","149.0251","-20.2532", ,"2017.08.05 14:13:24","149.0244","-20.2527","16","48","100","60","2.2", , , , , , , , , , , , , ,"mavic_pro"
"00:01:35,000","149.0251","-20.2532", ,"2017.08.05 14:13:25","149.0243","-20.2527","16","52","100","60","2.2", , , , , , , , , , , , , ,"mavic_pro"
"00:01:36,000","149.0251","-20.2532", ,"2017.08.05 14:13:26","149.0243","-20.2526","16","56.5","100","60","2.2", , , , , , , , , , , , , ,"mavic_pro"
"00:01:37,000","149.0251","-20.2532", ,"2017.08.05 14:13:27","149.0242","-20.2526","16","60.2","100","60","2.2", , , , , , , , , , , , , ,"mavic_pro"
"00:01:38,000","149.0251","-20.2532", ,"2017.08.05 14:13:28","149.0241","-20.2525","16","64.3","100","60","2.2", , , , , , , , , , , , , ,"mavic_pro"
"00:01:39,000","149.0251","-20.2532", ,"2017.08.05 14:13:29","149.0241","-20.2525","16","68.8","100","60","2.2", , , , , , , , , , , , , ,"mavic_pro"
"00:01:40,000","149.0251","-20.2532", ,"2017.08.05 14:13:30","149.024","-20.2524","16","72.8","100","60","2.2", , , , , , , , , , , , , ,"mavic_pro"
"00:01:41,000","149.0251","-20.2532", ,"2017.08.05 14:13:31","149.024","-20.2524","16","76.9","100","60","2.2", , , , , , , , , , , , , ,"mavic_pro"
"00:01:42,000","149.0251","-20.2532", ,"2017.08.05 14:13:32","149.0239","-20.2523","16","80.9","100","60","2.2", , , , , , , , , , , , , ,"mavic_pro"
"00:01:43,000","149.0251","-20.2532", ,"2017.08.05 14:13:33","149.0239","-20.2523","16","85.2","100","60","2.2", , , , , , , , , , , , , ,"mavic_pro"
"00:01:44,000","149.0251","-20.2532", ,"2017.08.05 14:13:34","149.0239","-20.2523","16","88.8","100","60","2.2", , , , , , , , , , , , , ,"mavic_pro"
"00:01:45,000","149.0251","-20.2532", ,"2017.08.05 14:13:35","149.0239","-20.2523","16","92.6","100","60","2.2", , , , , , , , , , , , , ,"mavic_pro"
"00:01:46,000","149.0251","-20.2532", ,"2017.08.05 14:13:36","149.0239","-20.2523","15","96.5","100","60","2.2", , , , , , , , , , , , , ,"mavic_pro"
"00:01:47,000","149.0251","-20.2532", ,"2017.08.05 14:13:37","149.0239","-20.2523","16","100.4","100","60","2.2", , , , , , , , , , , , , ,"mavic_pro"
"00:01:48,000","149.0251","-20.2532", ,"2017.08.05 14:13:38","149.0239","-20.2523","16","104.3","100","60","2.2", , , , , , , , , , , , , ,"mavic_pro"
"00:01:49,000","149.0251","-20.2532", ,"2017.08.05 14:13:39","149.0239","-20.2523","16","108.3","100","60","2.2", , , , , , , , , , , , , ,"mavic_pro"
"00:01:50,000","149.0251","-20.2532", ,"2017.08.05 14:13:40","149.0239","-20.2523","16","112.2","100","60","2.2", , , , , , , , , , , , , ,"mavic_pro"
"00:01:51,000","149.0251","-20.2532", ,"2017.08.05 14:13:41","149.0239","-20.2523","16","115.3","100","60","2.2", , , , , , , , , , , , , ,"mavic_pro"
"00:01:52,000","149.0251","-20.2532", ,"2017.08.05 14:13:42","149.0239","-20.2523","16","117.6","100","60","2.2", , , , , , , , , , , , , ,"mavic_pro"
"00:01:53,000","149.0251","-20.2532", ,"2017.08.05 14:13:43","149.0239","-20.2523","16","118","100","60","2.2", , , , , , , , , , , , , ,"mavic_pro"
"00:01:54,000","149.0251","-20.2532", ,"2017.08.05 14:13:44","149.0239","-20.2523","16","118.2","100","60","2.2", , , , , , , , , , , , , ,"mavic_pro"
"00:01:55,000","149.0251","-20.2532", ,"2017.08.05 14:13:45","149.0239","-20.2523","16","118.5","100","60","2.2", , , , , , , , , , , , , ,"mavic_pro"
"00:01:56,000","149.0251","-20.2532", ,"2017.08.05 14:13:46","149.0239","-20.2523","16","118.4","100","60","2.2", , , , , , , , , , , , , ,"mavic_pro"
"00:01:57,000","149.0251","-20.2532", ,"2017.08.05 14:13:47","149.0239","-20.2523","16","118.4","100","60","2.2", , , , , , , , , , , , , ,"mavic_pro"
"00:01:58,000","149.0251","-20.2532", ,"2017.08.05 14:13:48","149.0239","-20.2523","16","118.3","100","60","2.2", , , , , , , , , , , , , ,"mavic_pro"
"00:01:59,000","149.0251","-20.2532", ,"2017.08.05 14:13:49","149.0239","-20.2523","16","118.4","100","60","2.2", , , , , , , , , , , , , ,"mavic_pro"
"00:02:00,000","149.0251","-20.2532", ,"2017.08.05 14:13:50","149.0239","-20.2523","15","118.4","100","60","2.2", , , , , , , , , , , , , ,"mavic_pro"
"00:02:01,000","149.0251","-20.2532", ,"2017.08.05 14:13:51","149.0239","-20.2523","16","118.3","100","60","2.2", , , , , , , , , , , , , ,"mavic_pro"
"00:02:02,000","149.0251","-20.2532", ,"2017.08.05 14:13:52","149.0239","-20.2523","15","118.4","100","60","2.2", , , , , , , , , , , , , ,"mavic_pro"
"00:02:03,000","149.0251","-20.2532", ,"2017.08.05 14:13:53","149.0239","-20.2523","15","118.3","100","60","2.2", , , , , , , , , , , , , ,"mavic_pro"
"00:02:04,000","149.0251","-20.2532", ,"2017.08.05 14:13:54","149.0239","-20.2523","16","118.4","100","60","2.2", , , , , , , , , , , , , ,"mavic_pro"
"00:02:05,000","149.0251","-20.2532", ,"2017.08.05 14:13:55","149.0239","-20.2524","16","118.4","100","60","2.2", , , , , , , , , , , , , ,"mavic_pro"
"00:02:06,000","149.0251","-20.2532", ,"2017.08.05 14:13:56","149.0239","-20.2525","16","118.4","100","60","2.2", , , , , , , , , , , , , ,"mavic_pro"
"00:02:07,000","149.0251","-20.2532", ,"2017.08.05 14:13:57","149.0238","-20.2526","16","118.5","100","60","2.2", , , , , , , , , , , , , ,"mavic_pro"
"00:02:08,000","149.0251","-20.2532", ,"2017.08.05 14:13:58","149.0238","-20.2527","16","118.5","100","60","2.2", , , , , , , , , , , , , ,"mavic_pro"
"00:02:09,000","149.0251","-20.2532", ,"2017.08.05 14:13:59","149.0237","-20.2529","15","118.5","100","60","2.2", , , , , , , , , , , , , ,"mavic_pro"
"00:02:10,000","149.0251","-20.2532", ,"2017.08.05 14:14:00","149.0236","-20.253","15","118.6","100","60","2.2", , , , , , , , , , , , , ,"mavic_pro"
"00:02:11,000","149.0251","-20.2532", ,"2017.08.05 14:14:01","149.0236","-20.2531","15","118.6","100","60","2.2", , , , , , , , , , , , , ,"mavic_pro"
"00:02:12,000","149.0251","-20.2532", ,"2017.08.05 14:14:02","149.0235","-20.2533","15","118.7","100","60","2.2", , , , , , , , , , , , , ,"mavic_pro"
"00:02:13,000","149.0251","-20.2532", ,"2017.08.05 14:14:03","149.0234","-20.2534","15","118.6","100","60","2.2", , , , , , , , , , , , , ,"mavic_pro"
"00:02:14,000","149.0251","-20.2532", ,"2017.08.05 14:14:04","149.0234","-20.2536","15","118.6","100","60","2.2", , , , , , , , , , , , , ,"mavic_pro"
"00:02:15,000","149.0251","-20.2532", ,"2017.08.05 14:14:05","149.0233","-20.2537","16","118.7","100","60","2.2", , , , , , , , , , , , , ,"mavic_pro"
"00:02:16,000","149.0251","-20.2532", ,"2017.08.05 14:14:06","149.0232","-20.2538","16","118.7","100","60","2.2", , , , , , , , , , , , , ,"mavic_pro"
"00:02:17,000","149.0251","-20.2532", ,"2017.08.05 14:14:07","149.0232","-20.254","16","118.7","100","60","2.2", , , , , , , , , , , , , ,"mavic_pro"
"00:02:18,000","149.0251","-20.2532", ,"2017.08.05 14:14:08","149.0231","-20.2541","16","118.6","100","60","2.2", , , , , , , , , , , , , ,"mavic_pro"
"00:02:19,000","149.0251","-20.2532", ,"2017.08.05 14:14:09","149.023","-20.2543","16","118.6","100","60","2.2", , , , , , , , , , , , , ,"mavic_pro"
"00:02:20,000","149.0251","-20.2532", ,"2017.08.05 14:14:10","149.023","-20.2544","16","118.6","100","60","2.2", , , , , , , , , , , , , ,"mavic_pro"
"00:02:21,000","149.0251","-20.2532", ,"2017.08.05 14:14:11","149.0229","-20.2546","16","118.5","100","60","2.2", , , , , , , , , , , , , ,"mavic_pro"
"00:02:22,000","149.0251","-20.2532", ,"2017.08.05 14:14:12","149.0228","-20.2547","15","118.3","100","60","2.2", , , , , , , , , , , , , ,"mavic_pro"
"00:02:23,000","149.0251","-20.2532", ,"2017.08.05 14:14:13","149.0228","-20.2547","14","118.3","100","60","2.2", , , , , , , , , , , , , ,"mavic_pro"
"00:02:24,000","149.0251","-20.2532", ,"2017.08.05 14:14:14","149.0228","-20.2547","15","118.2","100","60","2.2", , , , , , , , , , , , , ,"mavic_pro"
"00:02:25,000","149.0251","-20.2532", ,"2017.08.05 14:14:15","149.0228","-20.2546","15","118.2","100","60","2.2", , , , , , , , , , , , , ,"mavic_pro"
"00:02:26,000","149.0251","-20.2532", ,"2017.08.05 14:14:16","149.0228","-20.2546","15","118.3","100","60","2.2", , , , , , , , , , , , , ,"mavic_pro"
"00:02:27,000","149.0251","-20.2532", ,"2017.08.05 14:14:17","149.0229","-20.2544","13","118.3","100","60","2.2", , , , , , , , , , , , , ,"mavic_pro"
"00:02:28,000","149.0251","-20.2532", ,"2017.08.05 14:14:18","149.0229","-20.2543","14","118.3","100","60","2.2", , , , , , , , , , , , , ,"mavic_pro"
"00:02:29,000","149.0251","-20.2532", ,"2017.08.05 14:14:19","149.023","-20.2542","15","118.4","100","60","2.2", , , , , , , , , , , , , ,"mavic_pro"
"00:02:30,000","149.0251","-20.2532", ,"2017.08.05 14:14:20","149.0231","-20.2541","15","118.4","100","60","2.2", , , , , , , , , , , , , ,"mavic_pro"
"00:02:31,000","149.0251","-20.2532", ,"2017.08.05 14:14:21","149.0231","-20.254","15","118.5","100","60","2.2", , , , , , , , , , , , , ,"mavic_pro"
"00:02:32,000","149.0251","-20.2532", ,"2017.08.05 14:14:22","149.0232","-20.2538","16","118.5","100","60","2.2", , , , , , , , , , , , , ,"mavic_pro"
"00:02:33,000","149.0251","-20.2532", ,"2017.08.05 14:14:23","149.0232","-20.2537","16","118.4","100","60","2.2", , , , , , , , , , , , , ,"mavic_pro"
"00:02:34,000","149.0251","-20.2532", ,"2017.08.05 14:14:24","149.0233","-20.2536","15","118.4","100","60","2.2", , , , , , , , , , , , , ,"mavic_pro"
"00:02:35,000","149.0251","-20.2532", ,"2017.08.05 14:14:25","149.0234","-20.2534","16","118.4","100","60","2.2", , , , , , , , , , , , , ,"mavic_pro"
"00:02:36,000","149.0251","-20.2532", ,"2017.08.05 14:14:26","149.0234","-20.2533","16","118.4","100","60","2.2", , , , , , , , , , , , , ,"mavic_pro"
"00:02:37,000","149.0251","-20.2532", ,"2017.08.05 14:14:27","149.0235","-20.2532","16","118.4","100","60","2.2", , , , , , , , , , , , , ,"mavic_pro"
"00:02:38,000","149.0251","-20.2532", ,"2017.08.05 14:14:28","149.0235","-20.253","16","118.4","100","60","2.2", , , , , , , , , , , , , ,"mavic_pro"
"00:02:39,000","149.0251","-20.2532", ,"2017.08.05 14:14:29","149.0236","-20.2529","16","118.3","100","60","2.2", , , , , , , , , , , , , ,"mavic_pro"
"00:02:40,000","149.0251","-20.2532", ,"2017.08.05 14:14:30","149.0237","-20.2528","15","118.4","100","60","2.2", , , , , , , , , , , , , ,"mavic_pro"
"00:02:41,000","149.0251","-20.2532", ,"2017.08.05 14:14:31","149.0237","-20.2526","15","118.4","100","60","2.2", , , , , , , , , , , , , ,"mavic_pro"
"00:02:42,000","149.0251","-20.2532", ,"2017.08.05 14:14:32","149.0238","-20.2525","15","118.3","100","60","2.2", , , , , , , , , , , , , ,"mavic_pro"
"00:02:43,000","149.0251","-20.2532", ,"2017.08.05 14:14:33","149.0238","-20.2524","16","118.2","100","60","2.2", , , , , , , , , , , , , ,"mavic_pro"
"00:02:44,000","149.0251","-20.2532", ,"2017.08.05 14:14:34","149.0239","-20.2524","16","118","100","60","2.2", , , , , , , , , , , , , ,"mavic_pro"
"00:02:45,000","149.0251","-20.2532", ,"2017.08.05 14:14:35","149.0239","-20.2524","15","118.1","100","60","2.2", , , , , , , , , , , , , ,"mavic_pro"
"00:02:46,000","149.0251","-20.2532", ,"2017.08.05 14:14:36","149.024","-20.2524","16","118.3","100","60","2.2", , , , , , , , , , , , , ,"mavic_pro"
"00:02:47,000","149.0251","-20.2532", ,"2017.08.05 14:14:37","149.0241","-20.2524","15","118.4","100","60","2.2", , , , , , , , , , , , , ,"mavic_pro"
"00:02:48,000","149.0251","-20.2532", ,"2017.08.05 14:14:38","149.0242","-20.2525","15","118.5","100","60","2.2", , , , , , , , , , , , , ,"mavic_pro"
"00:02:49,000","149.0251","-20.2532", ,"2017.08.05 14:14:39","149.0243","-20.2525","15","118.5","100","60","2.2", , , , , , , , , , , , , ,"mavic_pro"
"00:02:50,000","149.0251","-20.2532", ,"2017.08.05 14:14:40","149.0245","-20.2526","15","118.5","100","60","2.2", , , , , , , , , , , , , ,"mavic_pro"
"00:02:51,000","149.0251","-20.2532", ,"2017.08.05 14:14:41","149.0246","-20.2526","15","118.6","100","60","2.2", , , , , , , , , , , , , ,"mavic_pro"
"00:02:52,000","149.0251","-20.2532", ,"2017.08.05 14:14:42","149.0247","-20.2527","14","118.6","100","60","2.2", , , , , , , , , , , , , ,"mavic_pro"
"00:02:53,000","149.0251","-20.2532", ,"2017.08.05 14:14:43","149.0248","-20.2527","16","118.7","100","60","2.2", , , , , , , , , , , , , ,"mavic_pro"
"00:02:54,000","149.0251","-20.2532", ,"2017.08.05 14:14:44","149.025","-20.2528","15","118.6","100","60","2.2", , , , , , , , , , , , , ,"mavic_pro"
"00:02:55,000","149.0251","-20.2532", ,"2017.08.05 14:14:45","149.0251","-20.2529","15","118.5","100","60","2.2", , , , , , , , , , , , , ,"mavic_pro"
"00:02:56,000","149.0251","-20.2532", ,"2017.08.05 14:14:46","149.0252","-20.2529","16","118.6","100","60","2.2", , , , , , , , , , , , , ,"mavic_pro"
"00:02:57,000","149.0251","-20.2532", ,"2017.08.05 14:14:47","149.0254","-20.253","15","118.5","100","60","2.2", , , , , , , , , , , , , ,"mavic_pro"
"00:02:58,000","149.0251","-20.2532", ,"2017.08.05 14:14:48","149.0255","-20.2531","15","118.5","100","60","2.2", , , , , , , , , , , , , ,"mavic_pro"
"00:02:59,000","149.0251","-20.2532", ,"2017.08.05 14:14:49","149.0256","-20.2531","15","118.4","100","60","2.2", , , , , , , , , , , , , ,"mavic_pro"
"00:03:00,000","149.0251","-20.2532", ,"2017.08.05 14:14:50","149.0258","-20.2532","14","118.4","100","60","2.2", , , , , , , , , , , , , ,"mavic_pro"
"00:03:01,000","149.0251","-20.2532", ,"2017.08.05 14:14:51","149.0259","-20.2533","15","118.5","100","60","2.2", , , , , , , , , , , , , ,"mavic_pro"
"00:03:02,000","149.0251","-20.2532", ,"2017.08.05 14:14:52","149.0259","-20.2533","16","117.9","100","60","2.2", , , , , , , , , , , , , ,"mavic_pro"
"00:03:03,000","149.0251","-20.2532", ,"2017.08.05 14:14:53","149.0259","-20.2533","15","117.9","100","60","2.2", , , , , , , , , , , , , ,"mavic_pro"
"00:03:04,000","149.0251","-20.2532", ,"2017.08.05 14:14:54","149.0259","-20.2533","16","117.7","100","60","2.2", , , , , , , , , , , , , ,"mavic_pro"
"00:03:05,000","149.0251","-20.2532", ,"2017.08.05 14:14:55","149.0258","-20.2533","16","117.7","100","60","2.2", , , , , , , , , , , , , ,"mavic_pro"
"00:03:06,000","149.0251","-20.2532", ,"2017.08.05 14:14:56","149.0257","-20.2532","14","117.8","100","60","2.2", , , , , , , , , , , , , ,"mavic_pro"
"00:03:07,000","149.0251","-20.2532", ,"2017.08.05 14:14:57","149.0256","-20.2532","14","117.9","100","60","2.2", , , , , , , , , , , , , ,"mavic_pro"
"00:03:08,000","149.0251","-20.2532", ,"2017.08.05 14:14:58","149.0255","-20.2531","15","118.1","100","60","2.2", , , , , , , , , , , , , ,"mavic_pro"
"00:03:09,000","149.0251","-20.2532", ,"2017.08.05 14:14:59","149.0253","-20.253","16","118.2","100","60","2.2", , , , , , , , , , , , , ,"mavic_pro"
"00:03:10,000","149.0251","-20.2532", ,"2017.08.05 14:15:00","149.0252","-20.253","16","118.3","100","60","2.2", , , , , , , , , , , , , ,"mavic_pro"
"00:03:11,000","149.0251","-20.2532", ,"2017.08.05 14:15:01","149.0251","-20.2529","16","118.4","100","60","2.2", , , , , , , , , , , , , ,"mavic_pro"
"00:03:12,000","149.0251","-20.2532", ,"2017.08.05 14:15:02","149.0249","-20.2528","14","118.5","100","60","2.2", , , , , , , , , , , , , ,"mavic_pro"
"00:03:13,000","149.0251","-20.2532", ,"2017.08.05 14:15:03","149.0248","-20.2527","15","118.5","100","60","2.2", , , , , , , , , , , , , ,"mavic_pro"
"00:03:14,000","149.0251","-20.2532", ,"2017.08.05 14:15:04","149.0246","-20.2526","15","118.5","100","60","2.2", , , , , , , , , , , , , ,"mavic_pro"
"00:03:15,000","149.0251","-20.2532", ,"2017.08.05 14:15:05","149.0245","-20.2526","16","118.5","100","60","2.2", , , , , , , , , , , , , ,"mavic_pro"
"00:03:16,000","149.0251","-20.2532", ,"2017.08.05 14:15:06","149.0243","-20.2525","16","118.5","100","60","2.2", , , , , , , , , , , , , ,"mavic_pro"
"00:03:17,000","149.0251","-20.2532", ,"2017.08.05 14:15:07","149.0242","-20.2524","16","118.5","100","60","2.2", , , , , , , , , , , , , ,"mavic_pro"
"00:03:18,000","149.0251","-20.2532", ,"2017.08.05 14:15:08","149.024","-20.2523","15","118.4","100","60","2.2", , , , , , , , , , , , , ,"mavic_pro"
"00:03:19,000","149.0251","-20.2532", ,"2017.08.05 14:15:09","149.0239","-20.2523","16","118.4","100","60","2.2", , , , , , , , , , , , , ,"mavic_pro"
"00:03:20,000","149.0251","-20.2532", ,"2017.08.05 14:15:10","149.0237","-20.2522","16","118.4","100","60","2.2", , , , , , , , , , , , , ,"mavic_pro"
"00:03:21,000","149.0251","-20.2532", ,"2017.08.05 14:15:11","149.0236","-20.2521","15","118.4","100","60","2.2", , , , , , , , , , , , , ,"mavic_pro"
"00:03:22,000","149.0251","-20.2532", ,"2017.08.05 14:15:12","149.0234","-20.2521","15","118.4","100","60","2.2", , , , , , , , , , , , , ,"mavic_pro"
"00:03:23,000","149.0251","-20.2532", ,"2017.08.05 14:15:13","149.0233","-20.252","16","118.4","100","60","2.2", , , , , , , , , , , , , ,"mavic_pro"
"00:03:24,000","149.0251","-20.2532", ,"2017.08.05 14:15:14","149.0231","-20.2519","16","118.4","100","60","2.2", , , , , , , , , , , , , ,"mavic_pro"
"00:03:25,000","149.0251","-20.2532", ,"2017.08.05 14:15:15","149.023","-20.2519","16","118.4","100","60","2.2", , , , , , , , , , , , , ,"mavic_pro"
"00:03:26,000","149.0251","-20.2532", ,"2017.08.05 14:15:16","149.0228","-20.2518","16","118.5","100","60","2.2", , , , , , , , , , , , , ,"mavic_pro"
"00:03:27,000","149.0251","-20.2532", ,"2017.08.05 14:15:17","149.0227","-20.2517","15","118.5","100","60","2.2", , , , , , , , , , , , , ,"mavic_pro"
"00:03:28,000","149.0251","-20.2532", ,"2017.08.05 14:15:18","149.0225","-20.2517","15","118.2","100","60","2.2", , , , , , , , , , , , , ,"mavic_pro"
"00:03:29,000","149.0251","-20.2532", ,"2017.08.05 14:15:19","149.0225","-20.2516","16","117.9","100","60","2.2", , , , , , , , , , , , , ,"mavic_pro"
"00:03:30,000","149.0251","-20.2532", ,"2017.08.05 14:15:20","149.0225","-20.2516","15","117.8","100","60","2.2", , , , , , , , , , , , , ,"mavic_pro"
"00:03:31,000","149.0251","-20.2532", ,"2017.08.05 14:15:21","149.0226","-20.2516","15","117.8","100","60","2.2", , , , , , , , , , , , , ,"mavic_pro"
"00:03:32,000","149.0251","-20.2532", ,"2017.08.05 14:15:22","149.0227","-20.2517","13","117.9","100","60","2.2", , , , , , , , , , , , , ,"mavic_pro"
"00:03:33,000","149.0251","-20.2532", ,"2017.08.05 14:15:23","149.0228","-20.2517","14","118.1","100","60","2.2", , , , , , , , , , , , , ,"mavic_pro"
"00:03:34,000","149.0251","-20.2532", ,"2017.08.05 14:15:24","149.0229","-20.2518","15","118.3","100","60","2.2", , , , , , , , , , , , , ,"mavic_pro"
"00:03:35,000","149.0251","-20.2532", ,"2017.08.05 14:15:25","149.023","-20.2518","15","118.4","100","60","2.2", , , , , , , , , , , , , ,"mavic_pro"
"00:03:36,000","149.0251","-20.2532", ,"2017.08.05 14:15:26","149.0232","-20.2519","15","118.5","100","60","2.2", , , , , , , , , , , , , ,"mavic_pro"
"00:03:37,000","149.0251","-20.2532", ,"2017.08.05 14:15:27","149.0233","-20.252","16","118.6","100","60","2.2", , , , , , , , , , , , , ,"mavic_pro"
"00:03:38,000","149.0251","-20.2532", ,"2017.08.05 14:15:28","149.0235","-20.252","15","118.6","100","60","2.2", , , , , , , , , , , , , ,"mavic_pro"
"00:03:39,000","149.0251","-20.2532", ,"2017.08.05 14:15:29","149.0236","-20.2521","16","118.6","100","60","2.2", , , , , , , , , , , , , ,"mavic_pro"
"00:03:40,000","149.0251","-20.2532", ,"2017.08.05 14:15:30","149.0238","-20.2522","16","118.6","100","60","2.2", , , , , , , , , , , , , ,"mavic_pro"
"00:03:41,000","149.0251","-20.2532", ,"2017.08.05 14:15:31","149.0239","-20.2522","16","118.6","100","60","2.2", , , , , , , , , , , , , ,"mavic_pro"
"00:03:42,000","149.0251","-20.2532", ,"2017.08.05 14:15:32","149.0241","-20.2523","16","118.5","100","60","2.2", , , , , , , , , , , , , ,"mavic_pro"
"00:03:43,000","149.0251","-20.2532", ,"2017.08.05 14:15:33","149.0242","-20.2523","15","118.5","100","60","2.2", , , , , , , , , , , , , ,"mavic_pro"
"00:03:44,000","149.0251","-20.2532", ,"2017.08.05 14:15:34","149.0244","-20.2524","15","118.4","100","60","2.2", , , , , , , , , , , , , ,"mavic_pro"
"00:03:45,000","149.0251","-20.2532", ,"2017.08.05 14:15:35","149.0245","-20.2525","15","118.4","100","60","2.2", , , , , , , , , , , , , ,"mavic_pro"
"00:03:46,000","149.0251","-20.2532", ,"2017.08.05 14:15:36","149.0246","-20.2525","15","118.4","100","60","2.2", , , , , , , , , , , , , ,"mavic_pro"
"00:03:47,000","149.0251","-20.2532", ,"2017.08.05 14:15:37","149.0248","-20.2526","16","118.4","100","60","2.2", , , , , , , , , , , , , ,"mavic_pro"
"00:03:48,000","149.0251","-20.2532", ,"2017.08.05 14:15:38","149.0249","-20.2527","16","118.4","100","60","2.2", , , , , , , , , , , , , ,"mavic_pro"
"00:03:49,000","149.0251","-20.2532", ,"2017.08.05 14:15:39","149.0251","-20.2527","16","118.5","100","60","2.2", , , , , , , , , , , , , ,"mavic_pro"
"00:03:50,000","149.0251","-20.2532", ,"2017.08.05 14:15:40","149.0252","-20.2528","15","118.5","100","60","2.2", , , , , , , , , , , , , ,"mavic_pro"
"00:03:51,000","149.0251","-20.2532", ,"2017.08.05 14:15:41","149.0254","-20.2529","16","118.5","100","60","2.2", , , , , , , , , , , , , ,"mavic_pro"
"00:03:52,000","149.0251","-20.2532", ,"2017.08.05 14:15:42","149.0255","-20.2529","16","118.5","100","60","2.2", , , , , , , , , , , , , ,"mavic_pro"
"00:03:53,000","149.0251","-20.2532", ,"2017.08.05 14:15:43","149.0257","-20.253","16","118.5","100","60","2.2", , , , , , , , , , , , , ,"mavic_pro"
"00:03:54,000","149.0251","-20.2532", ,"2017.08.05 14:15:44","149.0258","-20.2531","15","118.5","100","60","2.2", , , , , , , , , , , , , ,"mavic_pro"
"00:03:55,000","149.0251","-20.2532", ,"2017.08.05 14:15:45","149.026","-20.2531","16","118.4","100","60","2.2", , , , , , , , , , , , , ,"mavic_pro"
"00:03:56,000","149.0251","-20.2532", ,"2017.08.05 14:15:46","149.0261","-20.2532","15","118.3","100","60","2.2", , , , , , , , , , , , , ,"mavic_pro"
"00:03:57,000","149.0251","-20.2532", ,"2017.08.05 14:15:47","149.0262","-20.2533","15","118.4","100","60","2.2", , , , , , , , , , , , , ,"mavic_pro"
"00:03:58,000","149.0251","-20.2532", ,"2017.08.05 14:15:48","149.0264","-20.2533","15","118.4","100","60","2.2", , , , , , , , , , , , , ,"mavic_pro"
"00:03:59,000","149.0251","-20.2532", ,"2017.08.05 14:15:49","149.0265","-20.2534","15","118.4","100","60","2.2", , , , , , , , , , , , , ,"mavic_pro"
"00:04:00,000","149.0251","-20.2532", ,"2017.08.05 14:15:50","149.0266","-20.2536","15","118.4","100","60","2.2", , , , , , , , , , , , , ,"mavic_pro"
"00:04:01,000","149.0251","-20.2532", ,"2017.08.05 14:15:51","149.0267","-20.2537","16","118.4","100","60","2.2", , , , , , , , , , , , , ,"mavic_pro"
"00:04:02,000","149.0251","-20.2532", ,"2017.08.05 14:15:52","149.0268","-20.2538","16","118.3","100","60","2.2", , , , , , , , , , , , , ,"mavic_pro"
"00:04:03,000","149.0251","-20.2532", ,"2017.08.05 14:15:53","149.0269","-20.2539","16","118.4","100","60","2.2", , , , , , , , , , , , , ,"mavic_pro"
"00:04:04,000","149.0251","-20.2532", ,"2017.08.05 14:15:54","149.027","-20.2539","14","117.6","100","60","2.2", , , , , , , , , , , , , ,"mavic_pro"
"00:04:05,000","149.0251","-20.2532", ,"2017.08.05 14:15:55","149.027","-20.2539","15","117.4","100","60","2.2", , , , , , , , , , , , , ,"mavic_pro"
"00:04:06,000","149.0251","-20.2532", ,"2017.08.05 14:15:56","149.0269","-20.2539","15","117.4","100","60","2.2", , , , , , , , , , , , , ,"mavic_pro"
"00:04:07,000","149.0251","-20.2532", ,"2017.08.05 14:15:57","149.0269","-20.2538","15","117.6","100","60","2.2", , , , , , , , , , , , , ,"mavic_pro"
"00:04:08,000","149.0251","-20.2532", ,"2017.08.05 14:15:58","149.0269","-20.2537","16","117.8","100","60","2.2", , , , , , , , , , , , , ,"mavic_pro"
"00:04:09,000","149.0251","-20.2532", ,"2017.08.05 14:15:59","149.0269","-20.2536","15","117.8","100","60","2.2", , , , , , , , , , , , , ,"mavic_pro"
"00:04:10,000","149.0251","-20.2532", ,"2017.08.05 14:16:00","149.027","-20.2534","16","118","100","60","2.2", , , , , , , , , , , , , ,"mavic_pro"
"00:04:11,000","149.0251","-20.2532", ,"2017.08.05 14:16:01","149.0271","-20.2534","16","118.1","100","60","2.2", , , , , , , , , , , , , ,"mavic_pro"
"00:04:12,000","149.0251","-20.2532", ,"2017.08.05 14:16:02","149.0271","-20.2533","14","117.7","100","60","2.2", , , , , , , , , , , , , ,"mavic_pro"
"00:04:13,000","149.0251","-20.2532", ,"2017.08.05 14:16:03","149.0271","-20.2533","15","117.8","100","60","2.2", , , , , , , , , , , , , ,"mavic_pro"
"00:04:14,000","149.0251","-20.2532", ,"2017.08.05 14:16:04","149.0271","-20.2533","16","117.7","100","60","2.2", , , , , , , , , , , , , ,"mavic_pro"
"00:04:15,000","149.0251","-20.2532", ,"2017.08.05 14:16:05","149.0271","-20.2533","16","117.6","100","60","2.2", , , , , , , , , , , , , ,"mavic_pro"
"00:04:16,000","149.0251","-20.2532", ,"2017.08.05 14:16:06","149.0271","-20.2533","16","117.6","100","60","2.2", , , , , , , , , , , , , ,"mavic_pro"
"00:04:17,000","149.0251","-20.2532", ,"2017.08.05 14:16:07","149.0271","-20.2532","16","117.6","100","60","2.2", , , , , , , , , , , , , ,"mavic_pro"
"00:04:18,000","149.0251","-20.2532", ,"2017.08.05 14:16:08","149.0271","-20.2532","15","117.3","100","60","2.2", , , , , , , , , , , , , ,"mavic_pro"
"00:04:19,000","149.0251","-20.2532", ,"2017.08.05 14:16:09","149.027","-20.2531","16","117.2","100","60","2.2", , , , , , , , , , , , , ,"mavic_pro"
"00:04:20,000","149.0251","-20.2532", ,"2017.08.05 14:16:10","149.0269","-20.253","16","117","100","60","2.2", , , , , , , , , , , , , ,"mavic_pro"
"00:04:21,000","149.0251","-20.2532", ,"2017.08.05 14:16:11","149.0269","-20.253","16","116.7","100","60","2.2", , , , , , , , , , , , , ,"mavic_pro"
"00:04:22,000","149.0251","-20.2532", ,"2017.08.05 14:16:12","149.0268","-20.253","16","116.5","100","60","2.2", , , , , , , , , , , , , ,"mavic_pro"
"00:04:23,000","149.0251","-20.2532", ,"2017.08.05 14:16:13","149.0267","-20.253","16","116.4","100","60","2.2", , , , , , , , , , , , , ,"mavic_pro"
"00:04:24,000","149.0251","-20.2532", ,"2017.08.05 14:16:14","149.0266","-20.253","16","116.4","100","60","2.2", , , , , , , , , , , , , ,"mavic_pro"
"00:04:25,000","149.0251","-20.2532", ,"2017.08.05 14:16:15","149.0266","-20.253","15","116.6","100","60","2.2", , , , , , , , , , , , , ,"mavic_pro"
"00:04:26,000","149.0251","-20.2532", ,"2017.08.05 14:16:16","149.0266","-20.253","16","116.5","100","60","2.2", , , , , , , , , , , , , ,"mavic_pro"
"00:04:27,000","149.0251","-20.2532", ,"2017.08.05 14:16:17","149.0265","-20.253","16","116.4","100","60","2.2", , , , , , , , , , , , , ,"mavic_pro"
"00:04:28,000","149.0251","-20.2532", ,"2017.08.05 14:16:18","149.0265","-20.253","16","116.5","100","60","2.2", , , , , , , , , , , , , ,"mavic_pro"
"00:04:29,000","149.0251","-20.2532", ,"2017.08.05 14:16:19","149.0265","-20.253","16","116.5","100","60","2.2", , , , , , , , , , , , , ,"mavic_pro"
"00:04:30,000","149.0251","-20.2532", ,"2017.08.05 14:16:20","149.0265","-20.253","16","116.5","100","60","2.2", , , , , , , , , , , , , ,"mavic_pro"
"00:04:31,000","149.0251","-20.2532", ,"2017.08.05 14:16:21","149.0265","-20.253","16","116.5","100","60","2.2", , , , , , , , , , , , , ,"mavic_pro"
"00:04:32,000","149.0251","-20.2532", ,"2017.08.05 14:16:22","149.0265","-20.253","16","116.6","100","60","2.2", , , , , , , , , , , , , ,"mavic_pro"
"00:04:33,000","149.0251","-20.2532", ,"2017.08.05 14:16:23","149.0265","-20.253","16","116.5","100","60","2.2", , , , , , , , , , , , , ,"mavic_pro"
"00:04:34,000","149.0251","-20.2532", ,"2017.08.05 14:16:24","149.0265","-20.253","15","116.6","100","60","2.2", , , , , , , , , , , , , ,"mavic_pro"
"00:04:35,000","149.0251","-20.2532", ,"2017.08.05 14:16:25","149.0264","-20.253","16","116.8","100","60","2.2", , , , , , , , , , , , , ,"mavic_pro"
"00:04:36,000","149.0251","-20.2532", ,"2017.08.05 14:16:26","149.0263","-20.2531","16","116.8","100","60","2.2", , , , , , , , , , , , , ,"mavic_pro"
"00:04:37,000","149.0251","-20.2532", ,"2017.08.05 14:16:27","149.0262","-20.2531","16","116.8","100","60","2.2", , , , , , , , , , , , , ,"mavic_pro"
"00:04:38,000","149.0251","-20.2532", ,"2017.08.05 14:16:28","149.0261","-20.2531","16","116.9","100","60","2.2", , , , , , , , , , , , , ,"mavic_pro"
"00:04:39,000","149.0251","-20.2532", ,"2017.08.05 14:16:29","149.026","-20.2532","16","116.8","100","60","2.2", , , , , , , , , , , , , ,"mavic_pro"
"00:04:40,000","149.0251","-20.2532", ,"2017.08.05 14:16:31","149.0259","-20.2532","16","116.9","100","60","2.2", , , , , , , , , , , , , ,"mavic_pro"
"00:04:41,000","149.0251","-20.2532", ,"2017.08.05 14:16:31","149.0258","-20.2533","16","116.9","100","60","2.2", , , , , , , , , , , , , ,"mavic_pro"
"00:04:42,000","149.0251","-20.2532", ,"2017.08.05 14:16:32","149.0257","-20.2533","15","116.9","100","60","2.2", , , , , , , , , , , , , ,"mavic_pro"
"00:04:43,000","149.0251","-20.2532", ,"2017.08.05 14:16:33","149.0255","-20.2533","15","116.8","100","60","2.2", , , , , , , , , , , , , ,"mavic_pro"
"00:04:44,000","149.0251","-20.2532", ,"2017.08.05 14:16:35","149.0254","-20.2534","16","116.8","100","60","2.2", , , , , , , , , , , , , ,"mavic_pro"
"00:04:45,000","149.0251","-20.2532", ,"2017.08.05 14:16:35","149.0253","-20.2534","16","116.7","100","60","2.2", , , , , , , , , , , , , ,"mavic_pro"
"00:04:46,000","149.0251","-20.2532", ,"2017.08.05 14:16:36","149.0252","-20.2535","16","116.7","100","60","2.2", , , , , , , , , , , , , ,"mavic_pro"
"00:04:47,000","149.0251","-20.2532", ,"2017.08.05 14:16:37","149.0251","-20.2535","16","116.7","100","60","2.2", , , , , , , , , , , , , ,"mavic_pro"
"00:04:48,000","149.0251","-20.2532", ,"2017.08.05 14:16:39","149.0249","-20.2535","16","116.6","100","60","2.2", , , , , , , , , , , , , ,"mavic_pro"
"00:04:49,000","149.0251","-20.2532", ,"2017.08.05 14:16:39","149.0248","-20.2536","16","116.7","100","60","2.2", , , , , , , , , , , , , ,"mavic_pro"
"00:04:50,000","149.0251","-20.2532", ,"2017.08.05 14:16:40","149.0247","-20.2536","15","116.8","100","60","2.2", , , , , , , , , , , , , ,"mavic_pro"
"00:04:51,000","149.0251","-20.2532", ,"2017.08.05 14:16:41","149.0246","-20.2537","14","116.7","100","60","2.2", , , , , , , , , , , , , ,"mavic_pro"
"00:04:52,000","149.0251","-20.2532", ,"2017.08.05 14:16:43","149.0245","-20.2537","16","116.7","100","60","2.2", , , , , , , , , , , , , ,"mavic_pro"
"00:04:53,000","149.0251","-20.2532", ,"2017.08.05 14:16:43","149.0244","-20.2537","16","116.5","100","60","2.2", , , , , , , , , , , , , ,"mavic_pro"
"00:04:54,000","149.0251","-20.2532", ,"2017.08.05 14:16:44","149.0243","-20.2538","16","116.4","100","60","2.2", , , , , , , , , , , , , ,"mavic_pro"
"00:04:55,000","149.0251","-20.2532", ,"2017.08.05 14:16:45","149.0243","-20.2538","16","116.4","100","60","2.2", , , , , , , , , , , , , ,"mavic_pro"
"00:04:56,000","149.0251","-20.2532", ,"2017.08.05 14:16:47","149.0243","-20.2538","16","116.3","100","60","2.2", , , , , , , , , , , , , ,"mavic_pro"
"00:04:57,000","149.0251","-20.2532", ,"2017.08.05 14:16:47","149.0243","-20.2538","15","116.3","100","60","2.2", , , , , , , , , , , , , ,"mavic_pro"
"00:04:58,000","149.0251","-20.2532", ,"2017.08.05 14:16:49","149.0243","-20.2538","16","116.3","100","60","2.2", , , , , , , , , , , , , ,"mavic_pro"
"00:04:59,000","149.0251","-20.2532", ,"2017.08.05 14:16:50","149.0243","-20.2538","16","116.4","100","60","2.2", , , , , , , , , , , , , ,"mavic_pro"
"00:05:00,000","149.0251","-20.2532", ,"2017.08.05 14:16:51","149.0243","-20.2538","16","116.4","100","60","2.2", , , , , , , , , , , , , ,"mavic_pro"
"00:05:01,000","149.0251","-20.2532", ,"2017.08.05 14:16:52","149.0243","-20.2537","16","116.5","100","60","2.2", , , , , , , , , , , , , ,"mavic_pro"
"00:05:02,000","149.0251","-20.2532", ,"2017.08.05 14:16:53","149.0244","-20.2537","16","116.6","100","60","2.2", , , , , , , , , , , , , ,"mavic_pro"
"00:05:03,000","149.0251","-20.2532", ,"2017.08.05 14:16:54","149.0245","-20.2536","15","116.6","100","60","2.2", , , , , , , , , , , , , ,"mavic_pro"
"00:05:04,000","149.0251","-20.2532", ,"2017.08.05 14:16:55","149.0245","-20.2536","16","116.2","100","60","2.2", , , , , , , , , , , , , ,"mavic_pro"
"00:05:05,000","149.0251","-20.2532", ,"2017.08.05 14:16:56","149.0246","-20.2535","16","115.3","100","60","2.2", , , , , , , , , , , , , ,"mavic_pro"
"00:05:06,000","149.0251","-20.2532", ,"2017.08.05 14:16:57","149.0247","-20.2534","16","115.3","100","60","2.2", , , , , , , , , , , , , ,"mavic_pro"
"00:05:07,000","149.0251","-20.2532", ,"2017.08.05 14:16:58","149.0247","-20.2534","16","115.3","100","60","2.2", , , , , , , , , , , , , ,"mavic_pro"
"00:05:08,000","149.0251","-20.2532", ,"2017.08.05 14:16:59","149.0247","-20.2534","16","115.3","100","60","2.2", , , , , , , , , , , , , ,"mavic_pro"
"00:05:09,000","149.0251","-20.2532", ,"2017.08.05 14:17:00","149.0247","-20.2534","15","115.2","100","60","2.2", , , , , , , , , , , , , ,"mavic_pro"
"00:05:10,000","149.0251","-20.2532", ,"2017.08.05 14:17:01","149.0247","-20.2534","15","115","100","60","2.2", , , , , , , , , , , , , ,"mavic_pro"
"00:05:11,000","149.0251","-20.2532", ,"2017.08.05 14:17:02","149.0247","-20.2534","15","114.5","100","60","2.2", , , , , , , , , , , , , ,"mavic_pro"
"00:05:12,000","149.0251","-20.2532", ,"2017.08.05 14:17:03","149.0247","-20.2534","16","113.3","100","60","2.2", , , , , , , , , , , , , ,"mavic_pro"
"00:05:13,000","149.0251","-20.2532", ,"2017.08.05 14:17:04","149.0247","-20.2534","15","111.7","100","60","2.2", , , , , , , , , , , , , ,"mavic_pro"
"00:05:14,000","149.0251","-20.2532", ,"2017.08.05 14:17:05","149.0247","-20.2534","15","109.9","100","60","2.2", , , , , , , , , , , , , ,"mavic_pro"
"00:05:15,000","149.0251","-20.2532", ,"2017.08.05 14:17:06","149.0247","-20.2534","16","108","100","60","2.2", , , , , , , , , , , , , ,"mavic_pro"
"00:05:16,000","149.0251","-20.2532", ,"2017.08.05 14:17:07","149.0247","-20.2534","16","105.7","100","60","2.2", , , , , , , , , , , , , ,"mavic_pro"
"00:05:17,000","149.0251","-20.2532", ,"2017.08.05 14:17:08","149.0247","-20.2534","15","103.6","100","60","2.2", , , , , , , , , , , , , ,"mavic_pro"
"00:05:18,000","149.0251","-20.2532", ,"2017.08.05 14:17:09","149.0247","-20.2534","15","101.2","100","60","2.2", , , , , , , , , , , , , ,"mavic_pro"
"00:05:19,000","149.0251","-20.2532", ,"2017.08.05 14:17:10","149.0247","-20.2534","15","98.8","100","60","2.2", , , , , , , , , , , , , ,"mavic_pro"
"00:05:20,000","149.0251","-20.2532", ,"2017.08.05 14:17:11","149.0247","-20.2534","16","96.2","100","60","2.2", , , , , , , , , , , , , ,"mavic_pro"
"00:05:21,000","149.0251","-20.2532", ,"2017.08.05 14:17:12","149.0247","-20.2534","14","94","100","60","2.2", , , , , , , , , , , , , ,"mavic_pro"
"00:05:22,000","149.0251","-20.2532", ,"2017.08.05 14:17:13","149.0247","-20.2534","14","91.6","100","60","2.2", , , , , , , , , , , , , ,"mavic_pro"
"00:05:23,000","149.0251","-20.2532", ,"2017.08.05 14:17:14","149.0247","-20.2534","15","88.9","100","60","2.2", , , , , , , , , , , , , ,"mavic_pro"
"00:05:24,000","149.0251","-20.2532", ,"2017.08.05 14:17:15","149.0247","-20.2534","15","85.9","100","60","2.2", , , , , , , , , , , , , ,"mavic_pro"
"00:05:25,000","149.0251","-20.2532", ,"2017.08.05 14:17:16","149.0247","-20.2534","15","83.4","100","60","2.2", , , , , , , , , , , , , ,"mavic_pro"
"00:05:26,000","149.0251","-20.2532", ,"2017.08.05 14:17:17","149.0247","-20.2534","16","80.5","100","60","2.2", , , , , , , , , , , , , ,"mavic_pro"
"00:05:27,000","149.0251","-20.2532", ,"2017.08.05 14:17:18","149.0247","-20.2534","16","77.7","100","60","2.2", , , , , , , , , , , , , ,"mavic_pro"
"00:05:28,000","149.0251","-20.2532", ,"2017.08.05 14:17:19","149.0247","-20.2534","15","74.9","100","60","2.2", , , , , , , , , , , , , ,"mavic_pro"
"00:05:29,000","149.0251","-20.2532", ,"2017.08.05 14:17:20","149.0247","-20.2534","15","72.3","100","60","2.2", , , , , , , , , , , , , ,"mavic_pro"
"00:05:30,000","149.0251","-20.2532", ,"2017.08.05 14:17:21","149.0247","-20.2534","15","69.4","100","60","2.2", , , , , , , , , , , , , ,"mavic_pro"
"00:05:31,000","149.0251","-20.2532", ,"2017.08.05 14:17:22","149.0247","-20.2534","15","66","100","60","2.2", , , , , , , , , , , , , ,"mavic_pro"
"00:05:32,000","149.0251","-20.2532", ,"2017.08.05 14:17:23","149.0247","-20.2534","16","63","100","60","2.2", , , , , , , , , , , , , ,"mavic_pro"
"00:05:33,000","149.0251","-20.2532", ,"2017.08.05 14:17:24","149.0247","-20.2534","15","59.9","100","60","2.2", , , , , , , , , , , , , ,"mavic_pro"
"00:05:34,000","149.0251","-20.2532", ,"2017.08.05 14:17:25","149.0247","-20.2534","15","56.9","100","60","2.2", , , , , , , , , , , , , ,"mavic_pro"
"00:05:35,000","149.0251","-20.2532", ,"2017.08.05 14:17:26","149.0247","-20.2534","16","53.9","100","60","2.2", , , , , , , , , , , , , ,"mavic_pro"
"00:05:36,000","149.0251","-20.2532", ,"2017.08.05 14:17:27","149.0247","-20.2534","15","50.8","100","60","2.2", , , , , , , , , , , , , ,"mavic_pro"
"00:05:37,000","149.0251","-20.2532", ,"2017.08.05 14:17:28","149.0247","-20.2534","15","47.7","100","60","2.2", , , , , , , , , , , , , ,"mavic_pro"
"00:05:38,000","149.0251","-20.2532", ,"2017.08.05 14:17:29","149.0247","-20.2534","15","44.6","100","60","2.2", , , , , , , , , , , , , ,"mavic_pro"
"00:05:39,000","149.0251","-20.2532", ,"2017.08.05 14:17:30","149.0247","-20.2534","15","41.6","100","60","2.2", , , , , , , , , , , , , ,"mavic_pro"
"00:05:40,000","149.0251","-20.2532", ,"2017.08.05 14:17:31","149.0247","-20.2534","16","38.5","100","60","2.2", , , , , , , , , , , , , ,"mavic_pro"
"00:05:41,000","149.0251","-20.2532", ,"2017.08.05 14:17:32","149.0247","-20.2534","15","35.5","100","60","2.2", , , , , , , , , , , , , ,"mavic_pro"
"00:05:42,000","149.0251","-20.2532", ,"2017.08.05 14:17:33","149.0247","-20.2534","16","32.4","100","60","2.2", , , , , , , , , , , , , ,"mavic_pro"
"00:05:43,000","149.0251","-20.2532", ,"2017.08.05 14:17:34","149.0247","-20.2534","15","29.4","100","60","2.2", , , , , , , , , , , , , ,"mavic_pro"
"00:05:44,000","149.0251","-20.2532", ,"2017.08.05 14:17:35","149.0247","-20.2534","16","26.5","100","60","2.2", , , , , , , , , , , , , ,"mavic_pro"
"00:05:45,000","149.0251","-20.2532", ,"2017.08.05 14:17:36","149.0247","-20.2534","16","23.5","100","60","2.2", , , , , , , , , , , , , ,"mavic_pro"
"00:05:46,000","149.0251","-20.2532", ,"2017.08.05 14:17:37","149.0247","-20.2533","15","20.5","100","60","2.2", , , , , , , , , , , , , ,"mavic_pro"
"00:05:47,000","149.0251","-20.2532", ,"2017.08.05 14:17:38","149.0248","-20.2533","16","17.5","100","60","2.2", , , , , , , , , , , , , ,"mavic_pro"
"00:05:48,000","149.0251","-20.2532", ,"2017.08.05 14:17:39","149.0248","-20.2533","15","14.4","100","60","2.2", , , , , , , , , , , , , ,"mavic_pro"
"00:05:49,000","149.0251","-20.2532", ,"2017.08.05 14:17:40","149.0249","-20.2533","16","11.7","100","60","2.2", , , , , , , , , , , , , ,"mavic_pro"
"00:05:50,000","149.0251","-20.2532", ,"2017.08.05 14:17:41","149.0249","-20.2532","16","9.3","100","60","2.2", , , , , , , , , , , , , ,"mavic_pro"
"00:05:51,000","149.0251","-20.2532", ,"2017.08.05 14:17:42","149.0249","-20.2532","16","8.9","100","60","2.2", , , , , , , , , , , , , ,"mavic_pro"
"00:05:52,000","149.0251","-20.2532", ,"2017.08.05 14:17:43","149.0249","-20.2532","16","8.9","100","60","2.2", , , , , , , , , , , , , ,"mavic_pro"
"00:05:53,000","149.0251","-20.2532", ,"2017.08.05 14:17:44","149.0249","-20.2532","16","9","100","60","2.2", , , , , , , , , , , , , ,"mavic_pro"
"00:05:54,000","149.0251","-20.2532", ,"2017.08.05 14:17:45","149.0249","-20.2532","16","8.5","100","60","2.2", , , , , , , , , , , , , ,"mavic_pro"
"00:05:55,000","149.0251","-20.2532", ,"2017.08.05 14:17:46","149.0249","-20.2532","16","8.4","100","60","2.2", , , , , , , , , , , , , ,"mavic_pro"
"00:05:56,000","149.0251","-20.2532", ,"2017.08.05 14:17:47","149.0249","-20.2532","16","8.4","100","60","2.2", , , , , , , , , , , , , ,"mavic_pro"
"00:05:57,000","149.0251","-20.2532", ,"2017.08.05 14:17:48","149.0249","-20.2532","16","8.5","100","60","2.2", , , , , , , , , , , , , ,"mavic_pro"
"00:05:58,000","149.0251","-20.2532", ,"2017.08.05 14:17:49","149.0249","-20.2532","16","8.5","100","60","2.2", , , , , , , , , , , , , ,"mavic_pro"
"00:05:59,000","149.0251","-20.2532", ,"2017.08.05 14:17:50","149.0249","-20.2532","16","8.5","100","60","2.2", , , , , , , , , , , , , ,"mavic_pro"
"00:06:00,000","149.0251","-20.2532", ,"2017.08.05 14:17:51","149.0249","-20.2532","16","8.5","100","60","2.2", , , , , , , , , , , , , ,"mavic_pro"
"00:06:01,000","149.0251","-20.2532", ,"2017.08.05 14:17:52","149.0249","-20.2532","16","8.6","100","60","2.2", , , , , , , , , , , , , ,"mavic_pro"
"00:06:02,000","149.0251","-20.2532", ,"2017.08.05 14:17:53","149.0249","-20.2532","16","8.6","100","60","2.2", , , , , , , , , , , , , ,"mavic_pro"
"00:06:03,000","149.0251","-20.2532", ,"2017.08.05 14:17:54","149.0249","-20.2532","16","8.5","100","60","2.2", , , , , , , , , , , , , ,"mavic_pro"
"00:06:04,000","149.0251","-20.2532", ,"2017.08.05 14:17:55","149.0249","-20.2532","16","8.5","100","60","2.2", , , , , , , , , , , , , ,"mavic_pro"
"00:06:05,000","149.0251","-20.2532", ,"2017.08.05 14:17:56","149.0249","-20.2532","16","8.5","100","60","2.2", , , , , , , , , , , , , ,"mavic_pro"
"00:06:06,000","149.0251","-20.2532", ,"2017.08.05 14:17:57","149.0249","-20.2532","16","8.5","100","60","2.2", , , , , , , , , , , , , ,"mavic_pro"
"00:06:07,000","149.0251","-20.2532", ,"2017.08.05 14:17:58","149.0249","-20.2532","16","8.5","100","60","2.2", , , , , , , , , , , , , ,"mavic_pro"
"00:06:08,000","149.0251","-20.2532", ,"2017.08.05 14:17:59","149.0249","-20.2532","16","8.5","100","60","2.2", , , , , , , , , , , , , ,"mavic_pro"
"00:06:09,000","149.0251","-20.2532", ,"2017.08.05 14:18:00","149.0249","-20.2532","16","8.5","100","60","2.2", , , , , , , , , , , , , ,"mavic_pro"
"00:06:10,000","149.0251","-20.2532", ,"2017.08.05 14:18:01","149.0249","-20.2532","16","8.4","100","60","2.2", , , , , , , , , , , , , ,"mavic_pro"
"00:06:11,000","149.0251","-20.2532", ,"2017.08.05 14:18:02","149.0249","-20.2532","16","8.4","100","60","2.2", , , , , , , , , , , , , ,"mavic_pro"
"00:06:12,000","149.0251","-20.2532", ,"2017.08.05 14:18:03","149.0249","-20.2532","16","7.7","100","60","2.2", , , , , , , , , , , , , ,"mavic_pro"
"00:06:13,000","149.0251","-20.2532", ,"2017.08.05 14:18:04","149.0248","-20.2533","16","6.5","100","60","2.2", , , , , , , , , , , , , ,"mavic_pro"
"00:06:14,000","149.0251","-20.2532", ,"2017.08.05 14:18:05","149.0248","-20.2533","16","4.9","100","60","2.2", , , , , , , , , , , , , ,"mavic_pro"
"00:06:15,000","149.0251","-20.2532", ,"2017.08.05 14:18:06","149.0247","-20.2533","16","3.3","100","60","2.2", , , , , , , , , , , , , ,"mavic_pro"
"00:06:16,000","149.0251","-20.2532", ,"2017.08.05 14:18:07","149.0247","-20.2533","16","2.3","100","60","2.2", , , , , , , , , , , , , ,"mavic_pro"
"00:06:17,000","149.0251","-20.2532", ,"2017.08.05 14:18:08","149.0247","-20.2533","16","1.4","100","60","2.2", , , , , , , , , , , , , ,"mavic_pro"
"00:06:18,000","149.0251","-20.2532", ,"2017.08.05 14:18:09","149.0247","-20.2533","16","1.4","100","60","2.2", , , , , , , , , , , , , ,"mavic_pro"
"00:06:19,000","149.0251","-20.2532", ,"2017.08.05 14:18:10","149.0247","-20.2533","16","1.3","100","60","2.2", , , , , , , , , , , , , ,"mavic_pro"
"00:06:20,000","149.0251","-20.2532", ,"2017.08.05 14:18:11","149.0247","-20.2533","16","1.3","100","60","2.2", , , , , , , , , , , , , ,"mavic_pro"
"00:06:21,000","149.0251","-20.2532", ,"2017.08.05 14:18:12","149.0247","-20.2533","16","1.4","100","60","2.2", , , , , , , , , , , , , ,"mavic_pro"
"00:06:22,000","149.0251","-20.2532", ,"2017.08.05 14:18:13","149.0247","-20.2533","16","1.4","100","60","2.2", , , , , , , , , , , , , ,"mavic_pro"
"00:06:23,000","149.0251","-20.2532", ,"2017.08.05 14:18:14","149.0247","-20.2533","16","1.4","100","60","2.2", , , , , , , , , , , , , ,"mavic_pro"
"00:06:24,000","149.0251","-20.2532", ,"2017.08.05 14:18:15","149.0247","-20.2533","16","1.4","100","60","2.2", , , , , , , , , , , , , ,"mavic_pro"
"00:06:25,000","149.0251","-20.2532", ,"2017.08.05 14:18:16","149.0247","-20.2533","16","1.4","100","60","2.2", , , , , , , , , , , , , ,"mavic_pro"
"00:06:26,000","149.0251","-20.2532", ,"2017.08.05 14:18:17","149.0247","-20.2533","16","1.3","100","60","2.2", , , , , , , , , , , , , ,"mavic_pro"
"00:06:27,000","149.0251","-20.2532", ,"2017.08.05 14:18:18","149.0247","-20.2533","16","1.3","100","60","2.2", , , , , , , , , , , , , ,"mavic_pro"
"00:06:28,000","149.0251","-20.2532", ,"2017.08.05 14:18:19","149.0247","-20.2533","16","1.3","100","60","2.2", , , , , , , , , , , , , ,"mavic_pro"
"00:06:29,000","149.0251","-20.2532", ,"2017.08.05 14:18:20","149.0247","-20.2533","16","1.3","100","60","2.2", , , , , , , , , , , , , ,"mavic_pro"
"00:06:30,000","149.0251","-20.2532", ,"2017.08.05 14:18:21","149.0247","-20.2533","16","1.3","100","60","2.2", , , , , , , , , , , , , ,"mavic_pro"
"00:06:31,000","149.0251","-20.2532", ,"2017.08.05 14:18:22","149.0247","-20.2533","16","1.3","100","60","2.2", , , , , , , , , , , , , ,"mavic_pro"
"00:06:32,000","149.0251","-20.2532", ,"2017.08.05 14:18:23","149.0247","-20.2533","16","1.3","100","60","2.2", , , , , , , , , , , , , ,"mavic_pro"
"00:06:33,000","149.0251","-20.2532", ,"2017.08.05 14:18:24","149.0247","-20.2533","16","1.3","100","60","2.2", , , , , , , , , , , , , ,"mavic_pro"
"00:06:34,000","149.0251","-20.2532", ,"2017.08.05 14:18:25","149.0247","-20.2533","16","1.3","100","60","2.2", , , , , , , , , , , , , ,"mavic_pro"
"00:06:35,000","149.0251","-20.2532", ,"2017.08.05 14:18:26","149.0247","-20.2533","16","1.3","100","60","2.2", , , , , , , , , , , , , ,"mavic_pro"
"00:06:36,000","149.0251","-20.2532", ,"2017.08.05 14:18:27","149.0247","-20.2533","16","1.3","100","60","2.2", , , , , , , , , , , , , ,"mavic_pro"
"00:06:37,000","149.0251","-20.2532", ,"2017.08.05 14:18:28","149.0247","-20.2533","16","1.3","100","60","2.2", , , , , , , , , , , , , ,"mavic_pro"
"00:06:38,000","149.0251","-20.2532", ,"2017.08.05 14:18:29","149.0247","-20.2533","16","1.3","100","60","2.2", , , , , , , , , , , , , ,"mavic_pro"
"00:06:39,000","149.0251","-20.2532", ,"2017.08.05 14:18:30","149.0247","-20.2533","16","1.3","100","60","2.2", , , , , , , , , , , , , ,"mavic_pro"
"00:06:40,000","149.0251","-20.2532", ,"2017.08.05 14:18:31","149.0247","-20.2533","16","1.3","100","60","2.2", , , , , , , , , , , , , ,"mavic_pro"
"00:06:41,000","149.0251","-20.2532", ,"2017.08.05 14:18:32","149.0247","-20.2533","16","1.3","100","60","2.2", , , , , , , , , , , , , ,"mavic_pro"
"00:06:42,000","149.0251","-20.2532", ,"2017.08.05 14:18:33","149.0247","-20.2533","16","1.3","100","60","2.2", , , , , , , , , , , , , ,"mavic_pro"
"00:06:43,000","149.0251","-20.2532", ,"2017.08.05 14:18:34","149.0247","-20.2533","16","1.3","100","60","2.2", , , , , , , , , , , , , ,"mavic_pro"
"00:06:44,000","149.0251","-20.2532", ,"2017.08.05 14:18:35","149.0247","-20.2533","16","1.3","100","60","2.2", , , , , , , , , , , , , ,"mavic_pro"
"00:06:45,000","149.0251","-20.2532", ,"2017.08.05 14:18:36","149.0247","-20.2533","16","1.3","100","60","2.2", , , , , , , , , , , , , ,"mavic_pro"
"00:06:46,000","149.0251","-20.2532", ,"2017.08.05 14:18:37","149.0247","-20.2533","16","1.3","100","60","2.2", , , , , , , , , , , , , ,"mavic_pro"
"00:06:47,000","149.0251","-20.2532", ,"2017.08.05 14:18:38","149.0247","-20.2533","16","1.3","100","60","2.2", , , , , , , , , , , , , ,"mavic_pro"
"00:06:48,000","149.0251","-20.2532", ,"2017.08.05 14:18:39","149.0247","-20.2533","16","1.3","100","60","2.2", , , , , , , , , , , , , ,"mavic_pro"
"00:06:49,000","149.0251","-20.2532", ,"2017.08.05 14:18:40","149.0247","-20.2533","16","1.3","100","60","2.2", , , , , , , , , , , , , ,"mavic_pro"
"00:06:50,000","149.0251","-20.2532", ,"2017.08.05 14:18:41","149.0247","-20.2533","16","1.3","100","60","2.2", , , , , , , , , , , , , ,"mavic_pro"
"00:06:51,000","149.0251","-20.2532", ,"2017.08.05 14:18:42","149.0247","-20.2533","16","1.3","100","60","2.2", , , , , , , , , , , , , ,"mavic_pro"
"00:06:52,000","149.0251","-20.2532", ,"2017.08.05 14:18:43","149.0247","-20.2533","16","1.3","100","60","2.2", , , , , , , , , , , , , ,"mavic_pro"
"00:06:53,000","149.0251","-20.2532", ,"2017.08.05 14:18:44","149.0247","-20.2533","16","1.3","100","60","2.2", , , , , , , , , , , , , ,"mavic_pro"
"00:06:54,000","149.0251","-20.2532", ,"2017.08.05 14:18:45","149.0247","-20.2533","16","1.3","100","60","2.2", , , , , , , , , , , , , ,"mavic_pro"
"00:06:55,000","149.0251","-20.2532", ,"2017.08.05 14:18:46","149.0248","-20.2533","16","1.3","100","60","2.2", , , , , , , , , , , , , ,"mavic_pro"
"00:06:56,000","149.0251","-20.2532", ,"2017.08.05 14:18:47","149.0248","-20.2533","16","1.2","100","60","2.2", , , , , , , , , , , , , ,"mavic_pro"
"00:06:57,000","149.0251","-20.2532", ,"2017.08.05 14:18:48","149.0248","-20.2533","16","1.3","100","60","2.2", , , , , , , , , , , , , ,"mavic_pro"
"00:06:58,000","149.0251","-20.2532", ,"2017.08.05 14:18:49","149.0249","-20.2532","16","1.3","100","60","2.2", , , , , , , , , , , , , ,"mavic_pro"
"00:06:59,000","149.0251","-20.2532", ,"2017.08.05 14:18:50","149.0249","-20.2532","16","1.2","100","60","2.2", , , , , , , , , , , , , ,"mavic_pro"
"00:07:00,000","149.0251","-20.2532", ,"2017.08.05 14:18:51","149.0249","-20.2532","16","2.9","100","60","2.2", , , , , , , , , , , , , ,"mavic_pro"
"00:07:01,000","149.0251","-20.2532", ,"2017.08.05 14:18:52","149.025","-20.2532","16","6.6","100","60","2.2", , , , , , , , , , , , , ,"mavic_pro"
"00:07:02,000","149.0251","-20.2532", ,"2017.08.05 14:18:53","149.025","-20.2532","16","10.6","100","60","2.2", , , , , , , , , , , , , ,"mavic_pro"
"00:07:03,000","149.0251","-20.2532", ,"2017.08.05 14:18:54","149.0251","-20.2532","16","14.6","100","60","2.2", , , , , , , , , , , , , ,"mavic_pro"
"00:07:04,000","149.0251","-20.2532", ,"2017.08.05 14:18:55","149.0251","-20.2531","16","19.1","100","60","2.2", , , , , , , , , , , , , ,"mavic_pro"
"00:07:05,000","149.0251","-20.2532", ,"2017.08.05 14:18:56","149.0252","-20.2531","16","22.7","100","60","2.2", , , , , , , , , , , , , ,"mavic_pro"
"00:07:06,000","149.0251","-20.2532", ,"2017.08.05 14:18:57","149.0253","-20.2531","16","26.7","100","60","2.2", , , , , , , , , , , , , ,"mavic_pro"
"00:07:07,000","149.0251","-20.2532", ,"2017.08.05 14:18:58","149.0253","-20.2531","16","30.7","100","60","2.2", , , , , , , , , , , , , ,"mavic_pro"
"00:07:08,000","149.0251","-20.2532", ,"2017.08.05 14:18:59","149.0254","-20.253","16","35.2","100","60","2.2", , , , , , , , , , , , , ,"mavic_pro"
"00:07:09,000","149.0251","-20.2532", ,"2017.08.05 14:19:00","149.0255","-20.253","16","38.8","100","60","2.2", , , , , , , , , , , , , ,"mavic_pro"
"00:07:10,000","149.0251","-20.2532", ,"2017.08.05 14:19:01","149.0255","-20.253","16","42.9","100","60","2.2", , , , , , , , , , , , , ,"mavic_pro"
"00:07:11,000","149.0251","-20.2532", ,"2017.08.05 14:19:02","149.0256","-20.2529","16","46.2","100","60","2.2", , , , , , , , , , , , , ,"mavic_pro"
"00:07:12,000","149.0251","-20.2532", ,"2017.08.05 14:19:03","149.0256","-20.2529","15","46.4","100","60","2.2", , , , , , , , , , , , , ,"mavic_pro"
"00:07:13,000","149.0251","-20.2532", ,"2017.08.05 14:19:04","149.0256","-20.2529","16","45.8","100","60","2.2", , , , , , , , , , , , , ,"mavic_pro"
"00:07:14,000","149.0251","-20.2532", ,"2017.08.05 14:19:05","149.0256","-20.2529","16","44.4","100","60","2.2", , , , , , , , , , , , , ,"mavic_pro"
"00:07:15,000","149.0251","-20.2532", ,"2017.08.05 14:19:06","149.0256","-20.2529","16","42.4","100","60","2.2", , , , , , , , , , , , , ,"mavic_pro"
"00:07:16,000","149.0251","-20.2532", ,"2017.08.05 14:19:07","149.0256","-20.2529","15","39.8","100","60","2.2", , , , , , , , , , , , , ,"mavic_pro"
"00:07:17,000","149.0251","-20.2532", ,"2017.08.05 14:19:08","149.0256","-20.2529","16","37.2","100","60","2.2", , , , , , , , , , , , , ,"mavic_pro"
"00:07:18,000","149.0251","-20.2532", ,"2017.08.05 14:19:09","149.0255","-20.253","15","34.2","100","60","2.2", , , , , , , , , , , , , ,"mavic_pro"
"00:07:19,000","149.0251","-20.2532", ,"2017.08.05 14:19:10","149.0255","-20.253","16","31.1","100","60","2.2", , , , , , , , , , , , , ,"mavic_pro"
"00:07:20,000","149.0251","-20.2532", ,"2017.08.05 14:19:11","149.0254","-20.253","16","28","100","60","2.2", , , , , , , , , , , , , ,"mavic_pro"
"00:07:21,000","149.0251","-20.2532", ,"2017.08.05 14:19:12","149.0253","-20.253","16","25","100","60","2.2", , , , , , , , , , , , , ,"mavic_pro"
"00:07:22,000","149.0251","-20.2532", ,"2017.08.05 14:19:13","149.0253","-20.2531","16","21.9","100","60","2.2", , , , , , , , , , , , , ,"mavic_pro"
"00:07:23,000","149.0251","-20.2532", ,"2017.08.05 14:19:14","149.0253","-20.2531","15","18.8","100","60","2.2", , , , , , , , , , , , , ,"mavic_pro"
"00:07:24,000","149.0251","-20.2532", ,"2017.08.05 14:19:15","149.0252","-20.2531","15","15.9","100","60","2.2", , , , , , , , , , , , , ,"mavic_pro"
"00:07:25,000","149.0251","-20.2532", ,"2017.08.05 14:19:16","149.0252","-20.2531","15","12.9","100","60","2.2", , , , , , , , , , , , , ,"mavic_pro"
"00:07:26,000","149.0251","-20.2532", ,"2017.08.05 14:19:17","149.0252","-20.2531","15","9.9","100","60","2.2", , , , , , , , , , , , , ,"mavic_pro"
"00:07:27,000","149.0251","-20.2532", ,"2017.08.05 14:19:18","149.0252","-20.2531","15","6.9","100","60","2.2", , , , , , , , , , , , , ,"mavic_pro"
"00:07:28,000","149.0251","-20.2532", ,"2017.08.05 14:19:19","149.0251","-20.2531","15","4","100","60","2.2", , , , , , , , , , , , , ,"mavic_pro"
"00:07:29,000","149.0251","-20.2532", ,"2017.08.05 14:19:20","149.0251","-20.2531","16","2","100","60","2.2", , , , , , , , , , , , , ,"mavic_pro"
"00:07:30,000","149.0251","-20.2532", ,"2017.08.05 14:19:21","149.0251","-20.2531","16","1.4","100","60","2.2", , , , , , , , , , , , , ,"mavic_pro"
"00:07:31,000","149.0251","-20.2532", ,"2017.08.05 14:19:22","149.0251","-20.2531","16","0.5","100","60","2.2", , , , , , , , , , , , , ,"mavic_pro"
"00:07:32,000","149.0251","-20.2532", ,"2017.08.05 14:19:23","149.0251","-20.2531","16","-0.2","100","60","2.2", , , , , , , , , , , , , ,"mavic_pro"
"00:07:33,000","149.0251","-20.2532", ,"2017.08.05 14:19:24","149.0251","-20.2531","16","-0.9","100","60","2.2", , , , , , , , , , , , , ,"mavic_pro"
"00:07:34,000","149.0251","-20.2532", ,"2017.08.05 14:19:25","149.0251","-20.2531","16","-1.3","100","60","2.2", , , , , , , , , , , , , ,"mavic_pro"
"00:07:35,000","149.0251","-20.2532", ,"2017.08.05 14:19:26","149.0251","-20.2531","16","-1.7","100","60","2.2", , , , , , , , , , , , , ,"mavic_pro"
"00:07:36,000","149.0251","-20.2532", ,"2017.08.05 14:19:27","149.0251","-20.2531","16","-1.6","100","60","2.2", , , , , , , , , , , , , ,"mavic_pro"
"00:07:37,000","149.0251","-20.2532", ,"2017.08.05 14:19:28","149.0251","-20.2531","16","-1.7","100","60","2.2", , , , , , , , , , , , , ,"mavic_pro"
"00:07:38,000","149.0251","-20.2532", ,"2017.08.05 14:19:29","149.0251","-20.2531","16","-1.7","100","60","2.2", , , , , , , , , , , , , ,"mavic_pro"
"00:07:39,000","149.0251","-20.2532", ,"2017.08.05 14:19:30","149.0251","-20.2531","16","-1.7","100","60","2.2", , , , , , , , , , , , , ,"mavic_pro"
"00:07:40,000","149.0251","-20.2532", ,"2017.08.05 14:19:31","149.0251","-20.2531","16","-1.7","100","60","2.2", , , , , , , , , , , , , ,"mavic_pro"
"00:07:41,000","149.0251","-20.2532", ,"2017.08.05 14:19:32","149.0251","-20.2531","16","-1.7","100","60","2.2", , , , , , , , , , , , , ,"mavic_pro"
"00:07:42,000","149.0251","-20.2532", ,"2017.08.05 14:19:33","149.0251","-20.2532","16","0","100","60","2.2", , , , , , , , , , , , , ,"mavic_pro"
"00:07:43,000","149.0251","-20.2532", ,"2017.08.05 14:19:34","149.0251","-20.2532","16","0","100","60","2.2", , , , , , , , , , , , , ,"mavic_pro"
"00:07:44,000","149.0251","-20.2532", ,"2017.08.05 14:19:35","149.0251","-20.2532","16","0","100","60","2.2", , , , , , , , , , , , , ,"mavic_pro"
"00:07:45,000","149.0251","-20.2532", ,"2017.08.05 14:19:36","149.0251","-20.2532","16","0","100","60","2.2", , , , , , , , , , , , , ,"mavic_pro"
"00:07:46,000","149.0251","-20.2532", ,"2017.08.05 14:19:37","149.0251","-20.2532","16","0","100","60","2.2", , , , , , , , , , , , , ,"mavic_pro"
"00:07:47,000","149.0251","-20.2532", ,"2017.08.05 14:19:38","149.0251","-20.2532","16","0","100","60","2.2", , , , , , , , , , , , , ,"mavic_pro"
"00:07:48,000","149.0251","-20.2532", ,"2017.08.05 14:19:39","149.0251","-20.2532","16","0","100","60","2.2", , , , , , , , , , , , , ,"mavic_pro"
"00:00:00,000","-58.847509","-34.232707","-57.98m", ,"-58.851745","-34.237922","15", ,"100", , ,"2.7","-7","110.1","-24.4","0","110.4","5.6","400","0","698.7","85.8","0","0","p4_rtk"
"00:00:01,000","-58.847509","-34.232707","-57.98m", ,"-58.85174","-34.237911","15", ,"100", , ,"3","-19.9","110.3","-24.4","0","110.5","5.6","400","0","697.41","85.83","2.88","0","p4_rtk"
"00:00:02,000","-58.847509","-34.232707","-57.98m", ,"-58.851723","-34.237873","15", ,"100", , ,"4.6","-20.8","110.2","-24.4","0","110.8","5.6","400","0","692.94","85.94","5.61","0","p4_rtk"
"00:00:03,000","-58.847509","-34.232707","-57.98m", ,"-58.851696","-34.237815","14", ,"100", , ,"5.4","-20.7","109.8","-24.4","0","111","5.6","400","0","686.08","85.96","7.6","0","p4_rtk"
"00:00:04,000","-58.847509","-34.232707","-57.98m", ,"-58.851662","-34.237744","14", ,"100", , ,"5.6","-21.4","109.8","-24.4","0","111.2","5.6","400","0","677.73","85.99","8.99","-0.1","p4_rtk"
"00:00:05,000","-58.847509","-34.232707","-57.98m", ,"-58.851624","-34.237664","14", ,"100", , ,"5.7","-21.7","109.8","-24.3","0","111.3","5.6","400","0","668.26","86.07","10.07","-0.1","p4_rtk"
"00:00:06,000","-58.847509","-34.232707","-57.98m", ,"-58.851583","-34.237574","14", ,"100", , ,"6.2","-21.7","109.6","-24.4","0","111.4","5.6","400","0","657.86","86.01","10.83","-0.1","p4_rtk"
"00:00:07,000","-58.847509","-34.232707","-57.98m", ,"-58.851538","-34.237479","14", ,"100", , ,"6","-22.3","109.6","-24.3","0","111.5","5.6","400","0","646.82","85.94","11.37","-0.1","p4_rtk"
"00:00:08,000","-58.847509","-34.232707","-57.98m", ,"-58.851493","-34.237382","14", ,"100", , ,"6.4","-22.4","109.4","-24.4","0","111.6","5.6","400","0","635.6","85.8","11.77","0","p4_rtk"
"00:00:09,000","-58.847509","-34.232707","-57.98m", ,"-58.851446","-34.23728","14", ,"100", , ,"6.3","-22.7","109.3","-24.4","0","111.6","5.6","400","0","624.03","85.74","12.09","0","p4_rtk"
"00:00:10,000","-58.847509","-34.232707","-57.98m", ,"-58.851398","-34.237177","14", ,"100", , ,"6.7","-23.2","109.2","-24.4","0","111.7","5.6","400","0","612.27","85.73","12.31","0","p4_rtk"
"00:00:11,000","-58.847509","-34.232707","-57.98m", ,"-58.85135","-34.237071","14", ,"100", , ,"6.8","-23.5","109.2","-24.4","0","111.7","5.6","400","0","600.32","85.64","12.41","0","p4_rtk"
"00:00:12,000","-58.847509","-34.232707","-57.98m", ,"-58.851302","-34.236967","14", ,"100", , ,"7.3","-24","109.2","-24.3","0","111.8","5.6","400","0","588.54","85.68","12.54","0","p4_rtk"
"00:00:13,000","-58.847509","-34.232707","-57.98m", ,"-58.851251","-34.23686","14", ,"100", , ,"7.6","-24","108.9","-24.3","0","111.9","5.6","400","0","576.33","85.6","12.63","0.1","p4_rtk"
"00:00:14,000","-58.847509","-34.232707","-57.98m", ,"-58.851196","-34.23674","14", ,"100", , ,"7.6","-23.7","108.8","-24.4","0","111.9","5.6","400","0","562.77","85.62","12.72","0.1","p4_rtk"
"00:00:15,000","-58.847509","-34.232707","-57.98m", ,"-58.851148","-34.236633","14", ,"100", , ,"6.4","-24.3","109","-24.4","0","111.9","5.6","400","0","550.63","85.63","12.82","0","p4_rtk"
"00:00:16,000","-58.847509","-34.232707","-57.98m", ,"-58.851098","-34.236523","14", ,"100", , ,"6.6","-22.2","109.1","-24.4","0","111.9","5.6","400","0","537.97","85.56","13","0.1","p4_rtk"
"00:00:17,000","-58.847509","-34.232707","-57.98m", ,"-58.851047","-34.236413","14", ,"100", , ,"6.8","-23","109","-24.4","0","111.9","5.6","400","0","525.2","85.5","12.91","0.1","p4_rtk"
"00:00:18,000","-58.847509","-34.232707","-57.98m", ,"-58.850998","-34.236304","14", ,"100", , ,"6.3","-23.5","109.1","-24.3","0","111.9","5.6","400","0","512.49","85.55","12.91","0","p4_rtk"
"00:00:19,000","-58.847509","-34.232707","-57.98m", ,"-58.850948","-34.236195","15", ,"100", , ,"6.4","-23.5","109.1","-24.4","0","111.9","5.6","400","0","500.08","85.56","12.91","0","p4_rtk"
"00:00:20,000","-58.847509","-34.232707","-57.98m", ,"-58.850899","-34.236085","14", ,"100", , ,"6.9","-24","109.2","-24.3","0","111.9","5.6","400","0","488.17","85.6","12.91","0.1","p4_rtk"
"00:00:21,000","-58.847509","-34.232707","-57.98m", ,"-58.850849","-34.235977","14", ,"100", , ,"6","-24.3","109.2","-24.4","0","111.9","5.6","400","0","476.4","85.65","12.82","0","p4_rtk"
"00:00:22,000","-58.847509","-34.232707","-57.98m", ,"-58.8508","-34.235867","14", ,"100", , ,"5.9","-24.4","109.5","-24.4","0","111.9","5.6","400","0","464.15","85.69","13","0","p4_rtk"
"00:00:23,000","-58.847509","-34.232707","-57.98m", ,"-58.850751","-34.235758","14", ,"100", , ,"6","-22.2","109.4","-24.4","0","111.9","5.6","400","0","451.83","85.59","13.1","0","p4_rtk"
"00:00:24,000","-58.847509","-34.232707","-57.98m", ,"-58.850701","-34.235646","14", ,"100", , ,"6.2","-21","109.5","-24.4","0","111.9","5.6","400","0","439.19","85.59","13.13","0.1","p4_rtk"
"00:00:25,000","-58.847509","-34.232707","-57.98m", ,"-58.85065","-34.235533","14", ,"100", , ,"5.2","-20.9","109.3","-24.4","0","111.9","5.6","400","0","426.58","85.48","13.13","0.1","p4_rtk"
"00:00:26,000","-58.847509","-34.232707","-57.98m", ,"-58.850598","-34.235422","14", ,"100", , ,"5.6","-22.5","109.1","-24.4","0","111.8","5.6","400","0","414.25","85.63","12.98","0","p4_rtk"
"00:00:27,000","-58.847509","-34.232707","-57.98m", ,"-58.850546","-34.235313","14", ,"100", , ,"6.1","-23.5","109.2","-24.4","0","111.8","5.6","400","0","402.15","85.67","12.89","0","p4_rtk"
"00:00:28,000","-58.847509","-34.232707","-57.98m", ,"-58.850495","-34.235204","14", ,"100", , ,"6.1","-24","109.2","-24.3","0","111.8","5.6","400","0","390.35","85.75","12.85","0","p4_rtk"
"00:00:29,000","-58.847509","-34.232707","-57.98m", ,"-58.850444","-34.235097","15", ,"100", , ,"7.1","-24","108.9","-24.4","0","111.8","5.6","400","0","378.75","85.74","12.94","0","p4_rtk"
"00:00:30,000","-58.847509","-34.232707","-57.98m", ,"-58.850394","-34.234986","14", ,"100", , ,"5.5","-23.8","109.1","-24.4","0","111.8","5.6","400","0","367.06","85.75","12.91","0","p4_rtk"
"00:00:31,000","-58.847509","-34.232707","-57.98m", ,"-58.850344","-34.234876","14", ,"100", , ,"6.1","-22.4","109.3","-24.3","0","111.8","5.6","400","0","355.27","85.67","13.04","0","p4_rtk"
"00:00:32,000","-58.847509","-34.232707","-57.98m", ,"-58.850292","-34.234764","14", ,"100", , ,"7","-22.4","109.5","-24.4","0","111.8","5.6","400","0","343.2","85.66","13.07","0","p4_rtk"
"00:00:33,000","-58.847509","-34.232707","-57.98m", ,"-58.850242","-34.234655","14", ,"100", , ,"5.9","-21.4","109.2","-24.4","0","111.8","5.6","400","0","331.61","85.76","13.1","0.1","p4_rtk"
"00:00:34,000","-58.847509","-34.232707","-57.98m", ,"-58.850191","-34.234542","14", ,"100", , ,"6.7","-22.5","109.1","-24.4","0","111.8","5.6","400","0","319.92","85.8","12.94","0","p4_rtk"
"00:00:35,000","-58.847509","-34.232707","-57.98m", ,"-58.850141","-34.234432","14", ,"100", , ,"6.1","-21.5","109.2","-24.4","0","111.8","5.6","400","0","308.76","85.84","13.13","0","p4_rtk"
"00:00:36,000","-58.847509","-34.232707","-57.98m", ,"-58.850091","-34.23432","14", ,"100", , ,"5.3","-21.6","109.2","-24.4","0","111.8","5.6","400","0","297.65","85.79","13.1","0","p4_rtk"
"00:00:37,000","-58.847509","-34.232707","-57.98m", ,"-58.850042","-34.23421","15", ,"100", , ,"5.1","-22.7","109.3","-24.3","0","111.8","5.6","400","0","286.86","85.83","13","0","p4_rtk"
"00:00:38,000","-58.847509","-34.232707","-57.98m", ,"-58.849992","-34.234099","14", ,"100", , ,"4.8","-23.1","109.4","-24.4","0","111.8","5.6","400","0","276.06","85.88","13","0","p4_rtk"
"00:00:39,000","-58.847509","-34.232707","-57.98m", ,"-58.849943","-34.233989","14", ,"100", , ,"4.2","-22.8","109.6","-24.4","0","111.7","5.6","400","0","265.48","85.79","13","0","p4_rtk"
"00:00:40,000","-58.847509","-34.232707","-57.98m", ,"-58.849894","-34.233879","14", ,"100", , ,"5.8","-23.4","109.6","-24.4","0","111.7","5.6","400","0","254.88","85.82","12.94","0","p4_rtk"
"00:00:41,000","-58.847509","-34.232707","-57.98m", ,"-58.849843","-34.233768","14", ,"100", , ,"6.8","-23.3","109.3","-24.4","0","111.8","5.6","400","0","244.84","85.81","12.94","0","p4_rtk"
"00:00:42,000","-58.847509","-34.232707","-57.98m", ,"-58.849793","-34.233658","14", ,"100", , ,"4.5","-21.7","109.4","-24.4","0","111.8","5.6","400","0","235.34","85.78","13.1","0","p4_rtk"
"00:00:43,000","-58.847509","-34.232707","-57.98m", ,"-58.849743","-34.233549","14", ,"100", , ,"6.7","-21.6","109.4","-24.4","0","111.8","5.6","400","0","225.83","85.77","13.04","0","p4_rtk"
"00:00:44,000","-58.847509","-34.232707","-57.98m", ,"-58.849691","-34.233437","14", ,"100", , ,"7.7","-22.2","109.3","-24.4","0","111.8","5.6","400","0","216.35","85.76","12.98","0","p4_rtk"
"00:00:45,000","-58.847509","-34.232707","-57.98m", ,"-58.849641","-34.233331","15", ,"100", , ,"8.4","-23.8","108.9","-24.4","0","112","5.6","400","0","207.74","85.97","12.66","0","p4_rtk"
"00:00:46,000","-58.847509","-34.232707","-57.98m", ,"-58.84959","-34.233226","14", ,"100", , ,"8.1","-23.5","109.2","-24.4","0","112.1","5.6","400","0","199.68","85.97","12.39","-0.1","p4_rtk"
"00:00:47,000","-58.847509","-34.232707","-57.98m", ,"-58.849541","-34.233121","14", ,"100", , ,"7.4","-23.9","109.3","-24.4","0","112.2","5.6","400","0","192.31","85.86","12.35","0","p4_rtk"
"00:00:48,000","-58.847509","-34.232707","-57.98m", ,"-58.849491","-34.233017","14", ,"100", , ,"6.7","-24.1","109.2","-24.4","0","112.2","5.6","400","0","185.51","85.79","12.44","0","p4_rtk"
"00:00:49,000","-58.847509","-34.232707","-57.98m", ,"-58.849443","-34.232911","14", ,"100", , ,"6","-24.4","109.3","-24.4","0","112.2","5.6","400","0","179.33","85.68","12.69","0","p4_rtk"
"00:00:50,000","-58.847509","-34.232707","-57.98m", ,"-58.849393","-34.232801","14", ,"100", , ,"6.4","-23.6","109","-24.4","0","112.2","5.6","400","0","173.51","85.59","13.19","0","p4_rtk"
"00:00:51,000","-58.847509","-34.232707","-57.98m", ,"-58.849345","-34.232687","15", ,"100", , ,"3.9","-21.2","109.5","-24.4","0","112.1","5.6","400","0","168.67","85.55","13.35","0","p4_rtk"
"00:00:52,000","-58.847509","-34.232707","-57.98m", ,"-58.849296","-34.232575","15", ,"100", , ,"5","-22","109.7","-24.3","0","112","5.6","400","0","164.81","85.69","13.29","0.1","p4_rtk"
"00:00:53,000","-58.847509","-34.232707","-57.98m", ,"-58.849246","-34.232462","15", ,"100", , ,"4.4","-21.2","109.2","-24.4","0","111.9","5.6","400","0","161.91","85.75","13.29","0","p4_rtk"
"00:00:54,000","-58.847509","-34.232707","-57.98m", ,"-58.849196","-34.232349","15", ,"100", , ,"8.4","-20.1","109.2","-24.4","0","111.9","5.6","400","0","159.98","85.8","13.07","0","p4_rtk"
